SiteID,Collection_Date,Depth_ft,Division,Genus,Species,FinalTaxaType, TaxaSpecific_Cell_Density_cellsmL , SampleSpecific_Cell_Relative_Abundance_perc , TaxaSpecific_Biovolume_Density_um3mL , SampleSpecific_Biovolume_Relative_Abundance_perc 
BUO,7/22/1998,0,Cyanobacteria,Anabaena,sp.,Cyanobacteria,62.00,0.55,43230701.00,0.15
BUO,7/22/1998,0,Cyanobacteria,Dolichospermum,sigmoideum,Cyanobacteria,31.00,0.28,53333640.00,0.18
BUO,7/22/1998,0,Cyanobacteria,Dolichospermum,flosaquae,Cyanobacteria,10.00,0.09,17222321.00,0.06
BUO,7/22/1998,0,Cyanobacteria,Aphanocapsa,delicatissima,Cyanobacteria,1389.00,12.46,8194491563.00,27.55
BUO,7/22/1998,0,Cyanobacteria,NA,NA,Cyanobacteria,247.00,2.22,2500014375.00,8.41
BUO,7/22/1998,0,Cyanobacteria,Aphanothece,nidulans,Cyanobacteria,62.00,0.55,246482899.00,0.83
BUO,7/22/1998,0,Cyanobacteria,Chroococcus,sp.,Cyanobacteria,10.00,0.09,25277923.00,0.08
BUO,7/22/1998,0,Cyanobacteria,Chroococcus,minimus,Cyanobacteria,165.00,1.48,277861680.00,0.93
BUO,7/22/1998,0,Cyanobacteria,Limnococcus,limneticus,Cyanobacteria,10.00,0.09,13024766.00,0.04
BUO,7/22/1998,0,Cyanobacteria,Chroococcus,prescottii,Cyanobacteria,113.00,1.02,115885440.00,0.39
BUO,7/22/1998,0,Cyanobacteria,Planktolyngbya,limnetica,Cyanobacteria,51.00,0.46,2160506.00,0.01
BUO,7/22/1998,0,Cyanobacteria,Merismopedia,tenuissima,Cyanobacteria,298.00,2.68,20884894.00,0.07
BUO,7/22/1998,0,Cyanobacteria,Microcystis,aeruginosa,Cyanobacteria,21.00,0.18,180824085.00,0.61
BUO,7/22/1998,0,Cyanobacteria,Aphanocapsa,incerta,Cyanobacteria,1008.00,9.05,653337090.00,2.2
BUO,7/22/1998,0,Cyanobacteria,Oscillatoria,sp.,Cyanobacteria,185.00,1.66,38889113.00,0.13
BUO,7/22/1998,0,Cyanobacteria,Rhabdoderma,lineare,Cyanobacteria,10.00,0.09,283561301.00,0.95
BUO,7/22/1998,0,Cyanobacteria,Anabaena,sp.,Cyanobacteria,115.00,1.03,107019510.00,0.36
BUO,7/22/1998,0,Cyanobacteria,Dolichospermum,sigmoideum,Cyanobacteria,92.00,0.83,159045120.00,0.53
BUO,7/22/1998,0,Cyanobacteria,Aphanocapsa,delicatissima,Cyanobacteria,1392.00,12.49,8213419500.00,27.62
BUO,7/22/1998,0,Cyanobacteria,NA,NA,Cyanobacteria,483.00,4.34,4892501250.00,16.45
BUO,7/22/1998,0,Cyanobacteria,Aphanothece,nidulans,Cyanobacteria,184.00,1.65,735031440.00,2.47
BUO,7/22/1998,0,Cyanobacteria,Chroococcus,minimus,Cyanobacteria,173.00,1.55,291306600.00,0.98
BUO,7/22/1998,0,Cyanobacteria,Limnococcus,limneticus,Cyanobacteria,12.00,0.1,14565330.00,0.05
BUO,7/22/1998,0,Cyanobacteria,Chroococcus,prescottii,Cyanobacteria,219.00,1.96,223841280.00,0.75
BUO,7/22/1998,0,Cyanobacteria,Planktolyngbya,limnetica,Cyanobacteria,12.00,0.1,483210.00,0
BUO,7/22/1998,0,Cyanobacteria,Merismopedia,tenuissima,Cyanobacteria,276.00,2.48,19328400.00,0.06
BUO,7/22/1998,0,Cyanobacteria,Microcystis,aeruginosa,Cyanobacteria,46.00,0.41,404423760.00,1.36
BUO,7/22/1998,0,Cyanobacteria,Aphanocapsa,incerta,Cyanobacteria,1024.00,9.19,663516360.00,2.23
BUO,7/22/1998,0,Cyanobacteria,Oscillatoria,sp.,Cyanobacteria,104.00,0.93,21744450.00,0.07
BUO,7/22/1998,0,Cyanobacteria,Raphidiopsis,curvata,Cyanobacteria,35.00,0.31,10354500.00,0.03
BUO,7/22/1998,0,Cyanobacteria,Rhabdoderma,irregulare,Cyanobacteria,12.00,0.1,67304250.00,0.23
BUO,7/22/1998,5,Cyanobacteria,Anabaena,sp.,Cyanobacteria,76.00,0.65,50125193.00,0.16
BUO,7/22/1998,5,Cyanobacteria,Dolichospermum,sigmoideum,Cyanobacteria,54.00,0.46,93842182.00,0.3
BUO,7/22/1998,5,Cyanobacteria,Aphanocapsa,delicatissima,Cyanobacteria,1423.00,12.15,8394747955.00,26.58
BUO,7/22/1998,5,Cyanobacteria,NA,NA,Cyanobacteria,315.00,2.69,3189167898.00,10.1
BUO,7/22/1998,5,Cyanobacteria,Aphanothece,nidulans,Cyanobacteria,98.00,0.83,390324825.00,1.24
BUO,7/22/1998,5,Cyanobacteria,Chroococcus,minimus,Cyanobacteria,217.00,1.85,366679636.00,1.16
BUO,7/22/1998,5,Cyanobacteria,Limnococcus,limneticus,Cyanobacteria,22.00,0.19,27500973.00,0.09
BUO,7/22/1998,5,Cyanobacteria,Chroococcus,prescottii,Cyanobacteria,141.00,1.21,144586473.00,0.46
BUO,7/22/1998,5,Cyanobacteria,Planktolyngbya,contorta,Cyanobacteria,11.00,0.09,380148.00,0
BUO,7/22/1998,5,Cyanobacteria,Planktolyngbya,limnetica,Cyanobacteria,33.00,0.28,1368532.00,0
BUO,7/22/1998,5,Cyanobacteria,Merismopedia,tenuissima,Cyanobacteria,282.00,2.41,19767682.00,0.06
BUO,7/22/1998,5,Cyanobacteria,Microcystis,aeruginosa,Cyanobacteria,22.00,0.19,190899327.00,0.6
BUO,7/22/1998,5,Cyanobacteria,Aphanocapsa,incerta,Cyanobacteria,934.00,7.97,605282073.00,1.92
BUO,7/22/1998,5,Cyanobacteria,Oscillatoria,sp.,Cyanobacteria,109.00,0.93,22808864.00,0.07
BUO,7/22/1998,5,Cyanobacteria,Raphidiopsis,curvata,Cyanobacteria,22.00,0.19,6516818.00,0.02
BUO,7/22/1998,5,Cyanobacteria,Anabaena,sp.,Cyanobacteria,124.00,1.06,109786973.00,0.35
BUO,7/22/1998,5,Cyanobacteria,Aphanocapsa,delicatissima,Cyanobacteria,1695.00,14.47,10001180769.00,31.67
BUO,7/22/1998,5,Cyanobacteria,NA,NA,Cyanobacteria,441.00,3.76,4462391250.00,14.13
BUO,7/22/1998,5,Cyanobacteria,Aphanothece,nidulans,Cyanobacteria,147.00,1.25,586611630.00,1.86
BUO,7/22/1998,5,Cyanobacteria,Chroococcus,minimus,Cyanobacteria,181.00,1.54,305211175.00,0.97
BUO,7/22/1998,5,Cyanobacteria,Chroococcus,prescottii,Cyanobacteria,192.00,1.64,196723791.00,0.62
BUO,7/22/1998,5,Cyanobacteria,Planktolyngbya,limnetica,Cyanobacteria,34.00,0.29,1423897.00,0
BUO,7/22/1998,5,Cyanobacteria,Merismopedia,tenuissima,Cyanobacteria,384.00,3.28,26895831.00,0.09
BUO,7/22/1998,5,Cyanobacteria,Microcystis,aeruginosa,Cyanobacteria,45.00,0.39,397244640.00,1.26
BUO,7/22/1998,5,Cyanobacteria,Aphanocapsa,incerta,Cyanobacteria,949.00,8.1,615123471.00,1.95
BUO,7/22/1998,5,Cyanobacteria,Oscillatoria,sp.,Cyanobacteria,260.00,2.22,54582715.00,0.17
BUO,7/22/1998,5,Cyanobacteria,Raphidiopsis,curvata,Cyanobacteria,11.00,0.1,3390231.00,0.01
BUO,7/22/1998,10,Cyanobacteria,Anabaena,sp.,Cyanobacteria,98.00,1.26,89100238.00,0.4
BUO,7/22/1998,10,Cyanobacteria,Dolichospermum,sigmoideum,Cyanobacteria,28.00,0.36,48577129.00,0.22
BUO,7/22/1998,10,Cyanobacteria,Aphanocapsa,delicatissima,Cyanobacteria,864.00,11.11,5100176912.00,22.8
BUO,7/22/1998,10,Cyanobacteria,NA,NA,Cyanobacteria,330.00,4.24,3344421507.00,14.95
BUO,7/22/1998,10,Cyanobacteria,Aphanothece,nidulans,Cyanobacteria,56.00,0.72,224500553.00,1
BUO,7/22/1998,10,Cyanobacteria,Chroococcus,prescottii,Cyanobacteria,105.00,1.35,107949176.00,0.48
BUO,7/22/1998,10,Cyanobacteria,Planktolyngbya,limnetica,Cyanobacteria,7.00,0.09,295174.00,0
BUO,7/22/1998,10,Cyanobacteria,Merismopedia,tenuissima,Cyanobacteria,183.00,2.35,12790853.00,0.06
BUO,7/22/1998,10,Cyanobacteria,Microcystis,aeruginosa,Cyanobacteria,35.00,0.45,308807735.00,1.38
BUO,7/22/1998,10,Cyanobacteria,Aphanocapsa,incerta,Cyanobacteria,625.00,8.04,405315424.00,1.81
BUO,7/22/1998,10,Cyanobacteria,Oscillatoria,sp.,Cyanobacteria,169.00,2.17,35420824.00,0.16
BUO,7/22/1998,10,Cyanobacteria,Raphidiopsis,curvata,Cyanobacteria,7.00,0.09,2108382.00,0.01
BUO,7/22/1998,10,Cyanobacteria,Anabaena,sp.,Cyanobacteria,172.00,2.21,160267259.00,0.72
BUO,7/22/1998,10,Cyanobacteria,Dolichospermum,sigmoideum,Cyanobacteria,17.00,0.22,29772288.00,0.13
BUO,7/22/1998,10,Cyanobacteria,Aphanocapsa,delicatissima,Cyanobacteria,1060.00,13.61,6251663600.00,27.95
BUO,7/22/1998,10,Cyanobacteria,NA,NA,Cyanobacteria,310.00,3.98,3140046000.00,14.04
BUO,7/22/1998,10,Cyanobacteria,Aphanothece,nidulans,Cyanobacteria,103.00,1.33,412780368.00,1.85
BUO,7/22/1998,10,Cyanobacteria,Chroococcus,minimus,Cyanobacteria,181.00,2.32,305372704.00,1.37
BUO,7/22/1998,10,Cyanobacteria,Limnococcus,limneticus,Cyanobacteria,17.00,0.22,21812336.00,0.1
BUO,7/22/1998,10,Cyanobacteria,Chroococcus,prescottii,Cyanobacteria,215.00,2.77,220535467.00,0.99
BUO,7/22/1998,10,Cyanobacteria,Planktolyngbya,limnetica,Cyanobacteria,17.00,0.22,723632.00,0
BUO,7/22/1998,10,Cyanobacteria,Merismopedia,tenuissima,Cyanobacteria,164.00,2.1,11457507.00,0.05
BUO,7/22/1998,10,Cyanobacteria,Microcystis,aeruginosa,Cyanobacteria,43.00,0.55,378528453.00,1.69
BUO,7/22/1998,10,Cyanobacteria,Aphanocapsa,incerta,Cyanobacteria,1094.00,14.06,708952608.00,3.17
BUO,7/22/1998,10,Cyanobacteria,Oscillatoria,sp.,Cyanobacteria,112.00,1.44,23518040.00,0.11
BUO,7/22/1998,10,Cyanobacteria,Raphidiopsis,curvata,Cyanobacteria,17.00,0.22,5168800.00,0.02
BUO,7/22/1998,20,Cyanobacteria,Anabaena,sp.,Cyanobacteria,11.00,0.46,9587840.00,0.15
BUO,7/22/1998,20,Cyanobacteria,Dolichospermum,sigmoideum,Cyanobacteria,17.00,0.7,29445120.00,0.47
BUO,7/22/1998,20,Cyanobacteria,Aphanocapsa,delicatissima,Cyanobacteria,82.00,3.36,485924000.00,7.71
BUO,7/22/1998,20,Cyanobacteria,NA,NA,Cyanobacteria,54.00,2.2,546345000.00,8.67
BUO,7/22/1998,20,Cyanobacteria,Aphanothece,nidulans,Cyanobacteria,11.00,0.46,45360480.00,0.72
BUO,7/22/1998,20,Cyanobacteria,Chroococcus,minimus,Cyanobacteria,23.00,0.93,38351360.00,0.61
BUO,7/22/1998,20,Cyanobacteria,Chroococcus,prescottii,Cyanobacteria,28.00,1.16,29081600.00,0.46
BUO,7/22/1998,20,Cyanobacteria,Merismopedia,tenuissima,Cyanobacteria,40.00,1.62,2783200.00,0.04
BUO,7/22/1998,20,Cyanobacteria,Microcystis,aeruginosa,Cyanobacteria,258.00,10.54,2271170720.00,36.04
BUO,7/22/1998,20,Cyanobacteria,Oscillatoria,sp.,Cyanobacteria,26.00,1.04,5367600.00,0.09
BUO,7/22/1998,20,Cyanobacteria,Anabaena,sp.,Cyanobacteria,107.00,4.38,95368726.00,1.51
BUO,7/22/1998,20,Cyanobacteria,Dolichospermum,sigmoideum,Cyanobacteria,7.00,0.3,12790342.00,0.2
BUO,7/22/1998,20,Cyanobacteria,Aphanocapsa,delicatissima,Cyanobacteria,122.00,4.98,720567000.00,11.44
BUO,7/22/1998,20,Cyanobacteria,NA,NA,Cyanobacteria,44.00,1.81,449660455.00,7.14
BUO,7/22/1998,20,Cyanobacteria,Aphanothece,nidulans,Cyanobacteria,11.00,0.45,44333190.00,0.7
BUO,7/22/1998,20,Cyanobacteria,Chroococcus,minimus,Cyanobacteria,30.00,1.21,49977076.00,0.79
BUO,7/22/1998,20,Cyanobacteria,Limnococcus,limneticus,Cyanobacteria,7.00,0.3,9370702.00,0.15
BUO,7/22/1998,20,Cyanobacteria,Chroococcus,prescottii,Cyanobacteria,67.00,2.72,68215156.00,1.08
BUO,7/22/1998,20,Cyanobacteria,Woronichinia,naegeliana,Cyanobacteria,4.00,0.15,37471705.00,0.59
BUO,7/22/1998,20,Cyanobacteria,Merismopedia,tenuissima,Cyanobacteria,85.00,3.47,5958464.00,0.09
BUO,7/22/1998,20,Cyanobacteria,Microcystis,aeruginosa,Cyanobacteria,30.00,1.21,260188713.00,4.13
BUO,7/22/1998,20,Cyanobacteria,Aphanocapsa,incerta,Cyanobacteria,540.00,22.05,350135607.00,5.56
BUO,7/22/1998,20,Cyanobacteria,Oscillatoria,sp.,Cyanobacteria,7.00,0.3,1554382.00,0.02
BUO,7/22/1998,20,Cyanobacteria,Oscillatoria,subbrevis,Cyanobacteria,4.00,0.15,9252273.00,0.15
BUO,7/22/1998,20,Cyanobacteria,Rhabdoderma,irregulare,Cyanobacteria,4.00,0.15,21650318.00,0.34
BUO,6/5/2015,0,Cyanobacteria,Anabaena,NA,Cyanobacteria,76518.00,56.49,18216861.00,63.21
BUO,6/5/2015,0,Cyanobacteria,Aphanizomenon,NA,Cyanobacteria,5086.00,3.76,3944942.00,13.69
BUO,6/5/2015,0,Cyanobacteria,Aphanocapsa,NA,Cyanobacteria,13711.00,10.12,426265.00,1.48
BUO,6/5/2015,0,Cyanobacteria,Microcystis,NA,Cyanobacteria,38148.00,28.16,749040.00,2.6
BUO,6/9/2015,0,Cyanobacteria,Anabaena,NA,Cyanobacteria,36529.00,89.93,13717216.00,30.86
BUO,6/9/2015,0,Cyanobacteria,Aphanizomenon,NA,Cyanobacteria,981.00,2.41,760723.00,1.71
BUO,6/9/2015,0,Cyanobacteria,Microcystis,NA,Cyanobacteria,889.00,2.19,17453.00,0.04
BUO,6/9/2015,0,Cyanobacteria,Planktothrix,NA,Cyanobacteria,368.00,0.91,1924677.00,4.33
BUO,6/9/2015,0,Cyanobacteria,Pseudanabaena,NA,Cyanobacteria,77.00,0.19,18996.00,0.04
BUO,6/9/2015,5,Cyanobacteria,Anabaena,NA,Cyanobacteria,19994.00,75.55,7508212.00,24.26
BUO,6/9/2015,5,Cyanobacteria,Aphanizomenon,NA,Cyanobacteria,1135.00,4.29,880329.00,2.84
BUO,6/9/2015,5,Cyanobacteria,Microcystis,NA,Cyanobacteria,3325.00,12.56,65281.00,0.21
BUO,6/9/2015,5,Cyanobacteria,Planktothrix,NA,Cyanobacteria,187.00,0.71,977375.00,3.16
BUO,6/9/2015,5,Cyanobacteria,Pseudanabaena,NA,Cyanobacteria,57.00,0.22,14247.00,0.05
BUO,6/9/2015,10,Cyanobacteria,Anabaena,NA,Cyanobacteria,14191.00,45.59,5328996.00,31.6
BUO,6/9/2015,10,Cyanobacteria,Aphanizomenon,NA,Cyanobacteria,1398.00,4.49,1084030.00,6.43
BUO,6/9/2015,10,Cyanobacteria,Microcystis,NA,Cyanobacteria,12964.00,41.64,254541.00,1.51
BUO,6/9/2015,10,Cyanobacteria,Planktothrix,NA,Cyanobacteria,87.00,0.28,457111.00,2.71
BUO,6/9/2015,10,Cyanobacteria,Pseudanabaena,NA,Cyanobacteria,44.00,0.14,10827.00,0.06
BUO,6/9/2015,20,Cyanobacteria,Anabaena,NA,Cyanobacteria,1485.00,64.15,557667.00,5.9
BUO,6/9/2015,20,Cyanobacteria,Aphanizomenon,NA,Cyanobacteria,87.00,3.77,67752.00,0.72
BUO,6/9/2015,20,Cyanobacteria,Planktothrix,NA,Cyanobacteria,87.00,3.77,457111.00,4.84
BUO,6/11/2015,0,Cyanobacteria,Anabaena,NA,Cyanobacteria,102495.00,90.45,33709215.00,60.94
BUO,6/11/2015,0,Cyanobacteria,Aphanizomenon,NA,Cyanobacteria,1860.00,1.64,5496351.00,9.94
BUO,6/11/2015,0,Cyanobacteria,Lyngbya,NA,Cyanobacteria,21.00,0.02,100534.00,0.18
BUO,6/11/2015,0,Cyanobacteria,Microcystis,NA,Cyanobacteria,7879.00,6.95,244941.00,0.44
BUO,6/11/2015,0,Cyanobacteria,Pseudanabaena,NA,Cyanobacteria,104.00,0.09,30776.00,0.06
BUO,6/18/2015,0,Cyanobacteria,Anabaena,NA,Cyanobacteria,85708.00,91.84,28188021.00,84.57
BUO,6/18/2015,0,Cyanobacteria,Aphanizomenon,NA,Cyanobacteria,1127.00,1.21,1687293.00,5.06
BUO,6/18/2015,0,Cyanobacteria,Aphanocapsa,NA,Cyanobacteria,4571.00,4.9,89753.00,0.27
BUO,6/18/2015,0,Cyanobacteria,Microcystis,NA,Cyanobacteria,383.00,0.41,3135.00,0.01
BUO,6/18/2015,0,Cyanobacteria,Planktothrix,NA,Cyanobacteria,316.00,0.34,466246.00,1.4
BUO,6/18/2015,0,Cyanobacteria,Pseudanabaena,NA,Cyanobacteria,541.00,0.58,148703.00,0.45
BUO,6/18/2015,0,Cyanobacteria,Chroococcus,NA,Cyanobacteria,90.00,0.1,17113.00,0.05
BUO,6/22/2015,0,Cyanobacteria,Anabaena,NA,Cyanobacteria,25131.00,77.33,5181235.00,27.75
BUO,6/22/2015,0,Cyanobacteria,Aphanizomenon,NA,Cyanobacteria,735.00,2.26,1410375.00,7.55
BUO,6/22/2015,0,Cyanobacteria,Aphanocapsa,NA,Cyanobacteria,2540.00,7.82,20784.00,0.11
BUO,6/22/2015,0,Cyanobacteria,Microcystis,NA,Cyanobacteria,1533.00,4.72,178053.00,0.95
BUO,6/22/2015,0,Cyanobacteria,Planktothrix,NA,Cyanobacteria,462.00,1.42,3591433.00,19.23
BUO,6/22/2015,0,Cyanobacteria,Pseudanabaena,NA,Cyanobacteria,777.00,2.39,539570.00,2.89
BUO,6/26/2015,0,Cyanobacteria,Anabaena,NA,Cyanobacteria,143690.00,90.1,29403645.00,23.36
BUO,6/26/2015,0,Cyanobacteria,Aphanizomenon,NA,Cyanobacteria,2123.00,1.33,50064507.00,39.78
BUO,6/26/2015,0,Cyanobacteria,Aphanocapsa,NA,Cyanobacteria,1990.00,1.25,15469.00,0.01
BUO,6/26/2015,0,Cyanobacteria,Chroococcus,NA,Cyanobacteria,332.00,0.21,14180.00,0.01
BUO,6/26/2015,0,Cyanobacteria,Planktothrix,NA,Cyanobacteria,1858.00,1.16,7858077.00,6.24
BUO,6/26/2015,0,Cyanobacteria,Pseudanabaena,NA,Cyanobacteria,2986.00,1.87,192348.00,0.15
BUO,6/30/2015,0,Cyanobacteria,Anabaena,N/A,Cyanobacteria,6608.00,39.74,573724.00,3.65
BUO,6/30/2015,0,Cyanobacteria,Aphanizomenon,N/A,Cyanobacteria,697.00,4.19,504381.00,3.21
BUO,6/30/2015,0,Cyanobacteria,Aphanocapsa,N/A,Cyanobacteria,1393.00,8.38,11398.00,0.07
BUO,6/30/2015,0,Cyanobacteria,Microcystis,N/A,Cyanobacteria,2355.00,14.17,316490.00,2.01
BUO,6/30/2015,0,Cyanobacteria,Planktothrix,N/A,Cyanobacteria,1393.00,8.38,5835426.00,37.1
BUO,6/30/2015,0,Cyanobacteria,Pseudanabaena,N/A,Cyanobacteria,2455.00,14.76,317813.00,2.02
BUO,6/30/2015,5,Cyanobacteria,Aphanizomenon,N/A,Cyanobacteria,33.00,1.52,24018.00,0.24
BUO,6/30/2015,5,Cyanobacteria,Planktothrix,N/A,Cyanobacteria,829.00,37.88,3473468.00,35.29
BUO,6/30/2015,5,Cyanobacteria,Pseudanabaena,N/A,Cyanobacteria,531.00,24.24,68716.00,0.7
BUO,6/30/2015,10,Cyanobacteria,Anabaena,N/A,Cyanobacteria,1957.00,53.64,169928.00,2.73
BUO,6/30/2015,10,Cyanobacteria,Aphanizomenon,N/A,Cyanobacteria,199.00,5.45,144109.00,2.31
BUO,6/30/2015,10,Cyanobacteria,Planktothrix,N/A,Cyanobacteria,1393.00,38.18,5835426.00,93.66
BUO,6/30/2015,10,Cyanobacteria,Pseudanabaena,N/A,Cyanobacteria,33.00,0.91,4295.00,0.07
BUO,7/15/2015,0,Cyanobacteria,Anabaena,NA,Cyanobacteria,139822.00,41.23,11796611.00,10.12
BUO,7/15/2015,0,Cyanobacteria,Aphanizomenon,NA,Cyanobacteria,11610.00,3.42,15822445.00,13.57
BUO,7/15/2015,0,Cyanobacteria,Aphanothece,NA,Cyanobacteria,82102.00,24.21,806032.00,0.69
BUO,7/15/2015,0,Cyanobacteria,Microcystis,NA,Cyanobacteria,44783.00,13.21,4048478.00,3.47
BUO,7/15/2015,0,Cyanobacteria,Planktothrix,NA,Cyanobacteria,21839.00,6.44,50517771.00,43.32
BUO,7/15/2015,0,Cyanobacteria,Pseudanabaena,NA,Cyanobacteria,28473.00,8.4,2725446.00,2.34
BUO,7/21/2015,0,Cyanobacteria,Anabaena,NA,Cyanobacteria,145020.00,83.84,23713944.00,59.54
BUO,7/21/2015,0,Cyanobacteria,Aphanizomenon,NA,Cyanobacteria,1174.00,0.68,1412372.00,3.55
BUO,7/21/2015,0,Cyanobacteria,Microcystis,NA,Cyanobacteria,19424.00,11.23,770713.00,1.94
BUO,7/21/2015,0,Cyanobacteria,Planktothrix,NA,Cyanobacteria,3011.00,1.74,6218845.00,15.61
BUO,7/21/2015,0,Cyanobacteria,Pseudanabaena,NA,Cyanobacteria,2807.00,1.62,1295162.00,3.25
BUO,7/21/2015,5,Cyanobacteria,Anabaena,NA,Cyanobacteria,57999.00,90.24,9484075.00,53.4
BUO,7/21/2015,5,Cyanobacteria,Aphanizomenon,NA,Cyanobacteria,564.00,0.88,678553.00,3.82
BUO,7/21/2015,5,Cyanobacteria,Planktothrix,NA,Cyanobacteria,2886.00,4.49,5960605.00,33.56
BUO,7/21/2015,5,Cyanobacteria,Pseudanabaena,NA,Cyanobacteria,2289.00,3.56,1056146.00,5.95
BUO,7/21/2015,10,Cyanobacteria,Anabaena,NA,Cyanobacteria,8638.00,80.02,1412522.00,20.15
BUO,7/21/2015,10,Cyanobacteria,Aphanizomenon,NA,Cyanobacteria,100.00,0.92,119745.00,1.71
BUO,7/21/2015,10,Cyanobacteria,Planktothrix,NA,Cyanobacteria,763.00,7.07,1575792.00,22.47
BUO,7/21/2015,10,Cyanobacteria,Pseudanabaena,NA,Cyanobacteria,896.00,8.3,413274.00,5.89
BUO,7/21/2015,20,Cyanobacteria,Anabaena,NA,Cyanobacteria,2986.00,48.65,488199.00,9.71
BUO,7/21/2015,20,Cyanobacteria,Microcystis,NA,Cyanobacteria,2223.00,36.22,88189.00,1.75
BUO,7/21/2015,20,Cyanobacteria,Planktothrix,NA,Cyanobacteria,597.00,9.73,1233229.00,24.52
BUO,7/21/2015,20,Cyanobacteria,Pseudanabaena,NA,Cyanobacteria,166.00,2.7,76532.00,1.52
BUO,8/12/2015,0,Cyanobacteria,Anabaena,NA,Cyanobacteria,3159.00,2.4,211297.00,1.06
BUO,8/12/2015,0,Cyanobacteria,Aphanizomenon,NA,Cyanobacteria,2054.00,1.56,1593939.00,7.98
BUO,8/12/2015,0,Cyanobacteria,Aphanocapsa,NA,Cyanobacteria,20377.00,15.49,20839.00,0.1
BUO,8/12/2015,0,Cyanobacteria,Microcystis,NA,Cyanobacteria,47547.00,36.13,116698.00,0.58
BUO,8/12/2015,0,Cyanobacteria,Merismopedia,NA,Cyanobacteria,17060.00,12.97,346533.00,1.74
BUO,8/12/2015,0,Cyanobacteria,Planktothrix,NA,Cyanobacteria,948.00,0.72,2686773.00,13.46
BUO,8/12/2015,0,Cyanobacteria,Pseudanabaena,NA,Cyanobacteria,24484.00,18.61,7872283.00,39.43
BUO,8/12/2015,0,Cyanobacteria,Raphidiopsis,NA,Cyanobacteria,9952.00,7.56,2796686.00,14.01
BUO,8/12/2015,5,Cyanobacteria,Aphanizomenon,NA,Cyanobacteria,1830.00,2.79,1420592.00,9.99
BUO,8/12/2015,5,Cyanobacteria,Aphanocapsa,NA,Cyanobacteria,2860.00,4.36,2924.00,0.02
BUO,8/12/2015,5,Cyanobacteria,Chroococcus,NA,Cyanobacteria,229.00,0.35,32052.00,0.23
BUO,8/12/2015,5,Cyanobacteria,Cylindrospermopsis,NA,Cyanobacteria,458.00,0.7,464079.00,3.26
BUO,8/12/2015,5,Cyanobacteria,Microcystis,NA,Cyanobacteria,6863.00,10.45,16845.00,0.12
BUO,8/12/2015,5,Cyanobacteria,Merismopedia,NA,Cyanobacteria,22420.00,34.15,455406.00,3.2
BUO,8/12/2015,5,Cyanobacteria,Planktothrix,NA,Cyanobacteria,458.00,0.7,1297063.00,9.12
BUO,8/12/2015,5,Cyanobacteria,Pseudanabaena,NA,Cyanobacteria,18188.00,27.7,5847731.00,41.13
BUO,8/12/2015,5,Cyanobacteria,Raphidiopsis,NA,Cyanobacteria,7664.00,11.67,2153770.00,15.15
BUO,8/12/2015,10,Cyanobacteria,Aphanizomenon,NA,Cyanobacteria,1422.00,1.61,1103496.00,6.26
BUO,8/12/2015,10,Cyanobacteria,Chroococcus,NA,Cyanobacteria,316.00,0.36,44263.00,0.25
BUO,8/12/2015,10,Cyanobacteria,Cylindrospermopsis,NA,Cyanobacteria,474.00,0.54,480653.00,2.72
BUO,8/12/2015,10,Cyanobacteria,Microcystis,NA,Cyanobacteria,27170.00,30.82,66685.00,0.38
BUO,8/12/2015,10,Cyanobacteria,Merismopedia,NA,Cyanobacteria,15165.00,17.2,308030.00,1.75
BUO,8/12/2015,10,Cyanobacteria,Planktothrix,NA,Cyanobacteria,316.00,0.36,895591.00,5.08
BUO,8/12/2015,10,Cyanobacteria,Pseudanabaena,NA,Cyanobacteria,28118.00,31.9,9040428.00,51.25
BUO,8/12/2015,10,Cyanobacteria,Raphidiopsis,NA,Cyanobacteria,11215.00,12.72,3151821.00,17.87
BUO,8/12/2015,20,Cyanobacteria,Aphanizomenon,NA,Cyanobacteria,314.00,1.62,243564.00,5.1
BUO,8/12/2015,20,Cyanobacteria,Chroococcus,NA,Cyanobacteria,179.00,0.93,25122.00,0.53
BUO,8/12/2015,20,Cyanobacteria,Cylindrospermopsis,NA,Cyanobacteria,45.00,0.23,45467.00,0.95
BUO,8/12/2015,20,Cyanobacteria,Microcystis,NA,Cyanobacteria,5155.00,26.62,12653.00,0.26
BUO,8/12/2015,20,Cyanobacteria,Merismopedia,NA,Cyanobacteria,897.00,4.63,18211.00,0.38
BUO,8/12/2015,20,Cyanobacteria,Planktothrix,NA,Cyanobacteria,45.00,0.23,127077.00,2.66
BUO,8/12/2015,20,Cyanobacteria,Pseudanabaena,NA,Cyanobacteria,10131.00,52.31,3257354.00,68.19
BUO,8/12/2015,20,Cyanobacteria,Raphidiopsis,NA,Cyanobacteria,1434.00,7.41,403126.00,8.44
BUO,8/21/2015,0,Cyanobacteria,Anabaena,NA,Cyanobacteria,3841.00,6.94,512608.00,6.24
BUO,8/21/2015,0,Cyanobacteria,Aphanizomenon,NA,Cyanobacteria,873.00,1.58,962010.00,11.72
BUO,8/21/2015,0,Cyanobacteria,Cylindrospermopsis,NA,Cyanobacteria,524.00,0.95,265785.00,3.24
BUO,8/21/2015,0,Cyanobacteria,Planktothrix,NA,Cyanobacteria,175.00,0.32,321491.00,3.92
BUO,8/21/2015,0,Cyanobacteria,Pseudanabaena,NA,Cyanobacteria,34569.00,62.46,3330184.00,40.57
BUO,8/21/2015,0,Cyanobacteria,Raphidiopsis,NA,Cyanobacteria,5412.00,9.78,315492.00,3.84
BUO,9/1/2015,0,Cyanobacteria,Anabaena,NA,Cyanobacteria,4423.00,4.38,1135772.00,3.9
BUO,9/1/2015,0,Cyanobacteria,Aphanizomenon,NA,Cyanobacteria,442.00,0.44,882835.00,3.03
BUO,9/1/2015,0,Cyanobacteria,Cylindrospermopsis,NA,Cyanobacteria,442.00,0.44,141123.00,0.48
BUO,9/1/2015,0,Cyanobacteria,Merismopedia,NA,Cyanobacteria,31846.00,31.51,236353.00,0.81
BUO,9/1/2015,0,Cyanobacteria,Planktothrix,NA,Cyanobacteria,221.00,0.22,407087.00,1.4
BUO,9/1/2015,0,Cyanobacteria,Pseudanabaena,NA,Cyanobacteria,51086.00,50.55,13133840.00,45.1
BUO,9/1/2015,0,Cyanobacteria,Raphidiopsis,NA,Cyanobacteria,3981.00,3.94,752296.00,2.58
BUO,9/1/2015,5,Cyanobacteria,Anabaena,NA,Cyanobacteria,5706.00,11.59,1465146.00,9.47
BUO,9/1/2015,5,Cyanobacteria,Aphanizomenon,NA,Cyanobacteria,663.00,1.35,1324253.00,8.55
BUO,9/1/2015,5,Cyanobacteria,Cylindrospermopsis,NA,Cyanobacteria,265.00,0.54,84674.00,0.55
BUO,9/1/2015,5,Cyanobacteria,Merismopedia,NA,Cyanobacteria,4246.00,8.63,31514.00,0.2
BUO,9/1/2015,5,Cyanobacteria,Planktothrix,NA,Cyanobacteria,1194.00,2.43,2198269.00,14.2
BUO,9/1/2015,5,Cyanobacteria,Pseudanabaena,NA,Cyanobacteria,31978.00,64.96,8221443.00,53.11
BUO,9/1/2015,5,Cyanobacteria,Raphidiopsis,NA,Cyanobacteria,2256.00,4.58,426301.00,2.75
BUO,9/1/2015,10,Cyanobacteria,Anabaena,NA,Cyanobacteria,614.00,2.7,157746.00,1.49
BUO,9/1/2015,10,Cyanobacteria,Aphanizomenon,NA,Cyanobacteria,184.00,0.81,367848.00,3.47
BUO,9/1/2015,10,Cyanobacteria,Cylindrospermopsis,NA,Cyanobacteria,307.00,1.35,98002.00,0.92
BUO,9/1/2015,10,Cyanobacteria,Merismopedia,NA,Cyanobacteria,3932.00,17.25,29179.00,0.27
BUO,9/1/2015,10,Cyanobacteria,Planktothrix,NA,Cyanobacteria,369.00,1.62,678478.00,6.39
BUO,9/1/2015,10,Cyanobacteria,Pseudanabaena,NA,Cyanobacteria,12900.00,56.6,3316626.00,31.25
BUO,9/1/2015,10,Cyanobacteria,Raphidiopsis,NA,Cyanobacteria,1597.00,7.01,301847.00,2.84
BUO,9/1/2015,20,Cyanobacteria,Aphanizomenon,NA,Cyanobacteria,33.00,0.33,66213.00,3.22
BUO,9/1/2015,20,Cyanobacteria,Cylindrospermopsis,NA,Cyanobacteria,100.00,0.98,31753.00,1.54
BUO,9/1/2015,20,Cyanobacteria,Merismopedia,NA,Cyanobacteria,4246.00,41.69,31514.00,1.53
BUO,9/1/2015,20,Cyanobacteria,Planktothrix,NA,Cyanobacteria,100.00,0.98,183189.00,8.9
BUO,9/1/2015,20,Cyanobacteria,Pseudanabaena,NA,Cyanobacteria,4478.00,43.97,1151343.00,55.93
BUO,9/1/2015,20,Cyanobacteria,Raphidiopsis,NA,Cyanobacteria,398.00,3.91,75230.00,3.65
BUO,9/2/2015,0,Cyanobacteria,Anabaena,NA,Cyanobacteria,4347.00,10.38,278714.00,1.51
BUO,9/2/2015,0,Cyanobacteria,Aphanizomenon,NA,Cyanobacteria,343.00,0.82,295629.00,1.61
BUO,9/2/2015,0,Cyanobacteria,Cylindrospermopsis,NA,Cyanobacteria,114.00,0.27,80856.00,0.44
BUO,9/2/2015,0,Cyanobacteria,Merismopedia,NA,Cyanobacteria,3660.00,8.74,17158.00,0.09
BUO,9/2/2015,0,Cyanobacteria,Planktothrix,NA,Cyanobacteria,229.00,0.55,517281.00,2.81
BUO,9/2/2015,0,Cyanobacteria,Pseudanabaena,NA,Cyanobacteria,25280.00,60.38,5072231.00,27.55
BUO,9/2/2015,0,Cyanobacteria,Raphidiopsis,NA,Cyanobacteria,1716.00,4.1,60010.00,0.33
BUO,9/9/2015,0,Cyanobacteria,Anabaena,NA,Cyanobacteria,2146.00,6.88,551184.00,3.75
BUO,9/9/2015,0,Cyanobacteria,Aphanizomenon,NA,Cyanobacteria,976.00,3.13,1947431.00,13.24
BUO,9/9/2015,0,Cyanobacteria,Cylindrospermopsis,NA,Cyanobacteria,781.00,2.5,249041.00,1.69
BUO,9/9/2015,0,Cyanobacteria,Planktothrix,NA,Cyanobacteria,488.00,1.56,897986.00,6.11
BUO,9/9/2015,0,Cyanobacteria,Pseudanabaena,NA,Cyanobacteria,20977.00,67.19,5393002.00,36.67
BUO,9/9/2015,0,Cyanobacteria,Raphidiopsis,NA,Cyanobacteria,976.00,3.13,184386.00,1.25
BUO,9/16/2015,0,Cyanobacteria,Anabaena,NA,Cyanobacteria,6406.00,6.05,288891.00,2.18
BUO,9/16/2015,0,Cyanobacteria,Aphanizomenon,NA,Cyanobacteria,458.00,0.43,733598.00,5.55
BUO,9/16/2015,0,Cyanobacteria,Aphanocapsa,NA,Cyanobacteria,10295.00,9.72,10528.00,0.08
BUO,9/16/2015,0,Cyanobacteria,Merismopedia,NA,Cyanobacteria,56736.00,53.56,421089.00,3.18
BUO,9/16/2015,0,Cyanobacteria,Planktothrix,NA,Cyanobacteria,343.00,0.32,448287.00,3.39
BUO,9/16/2015,0,Cyanobacteria,Pseudanabaena,NA,Cyanobacteria,16701.00,15.77,5789756.00,43.79
BUO,9/16/2015,0,Cyanobacteria,Raphidiopsis,NA,Cyanobacteria,1258.00,1.19,163677.00,1.24
BUO,9/22/2015,0,Cyanobacteria,Anabaena,NA,Cyanobacteria,133.00,0.47,5984.00,0.11
BUO,9/22/2015,0,Cyanobacteria,Merismopedia,NA,Cyanobacteria,15569.00,54.57,115551.00,2.21
BUO,9/22/2015,0,Cyanobacteria,Planktothrix,NA,Cyanobacteria,354.00,1.24,462233.00,8.83
BUO,9/22/2015,0,Cyanobacteria,Raphidiopsis,NA,Cyanobacteria,619.00,2.17,80549.00,1.54
BUO,9/22/2015,0,Cyanobacteria,Pseudanabaena,NA,Cyanobacteria,9642.00,33.8,3342725.00,63.83
BUO,9/22/2015,5,Cyanobacteria,Anabaena,NA,Cyanobacteria,597.00,4.65,26929.00,0.47
BUO,9/22/2015,5,Cyanobacteria,Aphanizomenon,NA,Cyanobacteria,66.00,0.52,106372.00,1.87
BUO,9/22/2015,5,Cyanobacteria,Merismopedia,NA,Cyanobacteria,3715.00,28.94,27575.00,0.48
BUO,9/22/2015,5,Cyanobacteria,Planktothrix,NA,Cyanobacteria,199.00,1.55,260006.00,4.57
BUO,9/22/2015,5,Cyanobacteria,Pseudanabaena,NA,Cyanobacteria,6535.00,50.9,2265540.00,39.78
BUO,9/22/2015,5,Cyanobacteria,Raphidiopsis,NA,Cyanobacteria,299.00,2.33,38836.00,0.68
BUO,9/22/2015,10,Cyanobacteria,Aphanizomenon,NA,Cyanobacteria,33.00,0.67,53186.00,2.39
BUO,9/22/2015,10,Cyanobacteria,Planktothrix,NA,Cyanobacteria,166.00,3.36,216672.00,9.73
BUO,9/22/2015,10,Cyanobacteria,Pseudanabaena,NA,Cyanobacteria,3649.00,73.83,1265022.00,56.83
BUO,9/22/2015,10,Cyanobacteria,Raphidiopsis,NA,Cyanobacteria,232.00,4.7,30206.00,1.36
BUO,9/22/2015,20,Cyanobacteria,Merismopedia,NA,Cyanobacteria,16984.00,67.1,126055.00,3.98
BUO,9/22/2015,20,Cyanobacteria,Planktothrix,NA,Cyanobacteria,232.00,0.92,303341.00,9.58
BUO,9/22/2015,20,Cyanobacteria,Pseudanabaena,NA,Cyanobacteria,6435.00,25.43,2231039.00,70.43
BUO,9/22/2015,20,Cyanobacteria,Raphidiopsis,NA,Cyanobacteria,498.00,1.97,64727.00,2.04
BUO,9/23/2015,0,Cyanobacteria,Anabaena,NA,Cyanobacteria,2173.00,3.9,552761.00,8.22
BUO,9/23/2015,0,Cyanobacteria,Aphanizomenon,NA,Cyanobacteria,114.00,0.21,151394.00,2.25
BUO,9/23/2015,0,Cyanobacteria,Cylindrospermopsis,NA,Cyanobacteria,57.00,0.1,18249.00,0.27
BUO,9/23/2015,0,Cyanobacteria,Merismopedia,NA,Cyanobacteria,37062.00,66.46,173726.00,2.58
BUO,9/23/2015,0,Cyanobacteria,Planktothrix,NA,Cyanobacteria,629.00,1.13,788274.00,11.72
BUO,9/23/2015,0,Cyanobacteria,Pseudanabaena,NA,Cyanobacteria,9037.00,16.21,2306638.00,34.31
BUO,9/23/2015,0,Cyanobacteria,Raphidiopsis,NA,Cyanobacteria,744.00,1.33,89419.00,1.33
BUO,10/13/2015,0,Cyanobacteria,Merismopedia,NA,Cyanobacteria,23353.00,73.79,173326.00,4.52
BUO,10/13/2015,0,Cyanobacteria,Planktothrix,NA,Cyanobacteria,265.00,0.84,578715.00,15.1
BUO,10/13/2015,0,Cyanobacteria,Pseudanabaena,NA,Cyanobacteria,2090.00,6.6,607821.00,15.86
BUO,10/13/2015,0,Cyanobacteria,Raphidiopsis,NA,Cyanobacteria,232.00,0.73,18237.00,0.48
BUO,10/13/2015,5,Cyanobacteria,Merismopedia,NA,Cyanobacteria,8227.00,55.86,61058.00,2.08
BUO,10/13/2015,5,Cyanobacteria,Planktothrix,NA,Cyanobacteria,365.00,2.48,795732.00,27.05
BUO,10/13/2015,5,Cyanobacteria,Pseudanabaena,NA,Cyanobacteria,1294.00,8.78,376270.00,12.79
BUO,10/13/2015,10,Cyanobacteria,Merismopedia,NA,Cyanobacteria,6369.00,55.98,47271.00,2.26
BUO,10/13/2015,10,Cyanobacteria,Planktothrix,NA,Cyanobacteria,133.00,1.17,289357.00,13.85
BUO,10/13/2015,10,Cyanobacteria,Pseudanabaena,NA,Cyanobacteria,962.00,8.45,279791.00,13.39
BUO,10/13/2015,20,Cyanobacteria,Merismopedia,NA,Cyanobacteria,1062.00,13.56,7878.00,0.29
BUO,10/13/2015,20,Cyanobacteria,Planktothrix,NA,Cyanobacteria,299.00,3.81,651054.00,23.69
BUO,10/13/2015,20,Cyanobacteria,Pseudanabaena,NA,Cyanobacteria,1062.00,13.56,308735.00,11.24
BUO,11/3/2015,0,Cyanobacteria,Anabaena,NA,Cyanobacteria,431.00,3.43,121719.00,4.96
BUO,11/3/2015,0,Cyanobacteria,Aphanocapsa,NA,Cyanobacteria,3649.00,29.02,3732.00,0.15
BUO,11/3/2015,0,Cyanobacteria,Merismopedia,NA,Cyanobacteria,7165.00,56.99,747312.00,30.42
BUO,11/3/2015,0,Cyanobacteria,Planktothrix,NA,Cyanobacteria,33.00,0.26,68370.00,2.78
BUO,11/3/2015,0,Cyanobacteria,Pseudanabaena,NA,Cyanobacteria,66.00,0.53,18237.00,0.74
BUO,11/24/2015,0,Cyanobacteria,Planktothrix,NA,Cyanobacteria,33.00,5.26,96520.00,6.35
BUO,12/8/2015,0,Cyanobacteria,Anabaena,NA,Cyanobacteria,663.00,55.56,182782.00,19.26
BUO,12/8/2015,0,Cyanobacteria,Planktothrix,NA,Cyanobacteria,33.00,2.78,130044.00,13.7
BUO,12/8/2015,5,Cyanobacteria,Pseudanabaena,NA,Cyanobacteria,33.00,3.13,5170.00,0.56
BUO,12/8/2015,10,Cyanobacteria,Planktothrix,NA,Cyanobacteria,33.00,5.88,130044.00,16.23
BUO,12/8/2015,10,Cyanobacteria,Pseudanabaena,NA,Cyanobacteria,33.00,5.88,5170.00,0.65
BUO,5/25/2016,0,Cyanobacteria,Anabaena,NA,Cyanobacteria,2378.00,8.71,375779.00,3.65
BUO,5/31/2016,0,Cyanobacteria,Anabaena,NA,Cyanobacteria,152894.00,88.21,21389778.00,88.87
BUO,5/31/2016,0,Cyanobacteria,Aphanizomenon,NA,Cyanobacteria,11554.00,6.67,397018.00,1.65
BUO,5/31/2016,0,Cyanobacteria,Chroococcus,NA,Cyanobacteria,513.00,0.3,14055.00,0.06
BUO,5/31/2016,0,Cyanobacteria,Merismopedia,NA,Cyanobacteria,1026.00,0.59,38861.00,0.16
BUO,5/31/2016,0,Cyanobacteria,Planktothrix,NA,Cyanobacteria,2564.00,1.48,73944.00,0.31
BUO,6/7/2016,0,Cyanobacteria,Aphanizomenon,NA,Cyanobacteria,5077.00,3.6,275708.00,1.21
BUO,6/7/2016,0,Cyanobacteria,Dolichospermum,NA,Cyanobacteria,63312.00,44.93,8449337.00,36.97
BUO,6/7/2016,0,Cyanobacteria,Microcystis,NA,Cyanobacteria,1684.00,1.19,26858.00,0.12
BUO,6/7/2016,0,Cyanobacteria,Aphanizomenon,NA,Cyanobacteria,5077.00,3.6,275708.00,1.21
BUO,6/7/2016,0,Cyanobacteria,Dolichospermum,NA,Cyanobacteria,63312.00,44.93,8449337.00,36.97
BUO,6/7/2016,0,Cyanobacteria,Microcystis,NA,Cyanobacteria,1684.00,1.19,26858.00,0.12
BUO,6/7/2016,5,Cyanobacteria,Aphanizomenon,NA,Cyanobacteria,1069.00,1.91,58044.00,0.1
BUO,6/7/2016,5,Cyanobacteria,Dolichospermum,NA,Cyanobacteria,23248.00,41.52,3102637.00,5.56
BUO,6/7/2016,5,Cyanobacteria,Microcystis,NA,Cyanobacteria,421.00,0.75,6714.00,0.01
BUO,6/7/2016,5,Cyanobacteria,Planktothrix,NA,Cyanobacteria,2572.00,4.59,25566.00,0.05
BUO,6/7/2016,5,Cyanobacteria,Pseudanabaena,NA,Cyanobacteria,234.00,0.42,4878.00,0.01
BUO,6/7/2016,5,Cyanobacteria,Aphanizomenon,NA,Cyanobacteria,1069.00,1.91,58044.00,0.1
BUO,6/7/2016,5,Cyanobacteria,Dolichospermum,NA,Cyanobacteria,23248.00,41.52,3102637.00,5.56
BUO,6/7/2016,5,Cyanobacteria,Microcystis,NA,Cyanobacteria,421.00,0.75,6714.00,0.01
BUO,6/7/2016,5,Cyanobacteria,Planktothrix,NA,Cyanobacteria,2572.00,4.59,25566.00,0.05
BUO,6/7/2016,5,Cyanobacteria,Pseudanabaena,NA,Cyanobacteria,234.00,0.42,4878.00,0.01
BUO,6/7/2016,10,Cyanobacteria,Dolichospermum,NA,Cyanobacteria,2584.00,30.8,344812.00,26.3
BUO,6/7/2016,10,Cyanobacteria,Microcystis,NA,Cyanobacteria,1192.00,14.22,19024.00,1.45
BUO,6/7/2016,10,Cyanobacteria,Pseudanabaena,NA,Cyanobacteria,284.00,3.39,5923.00,0.45
BUO,6/7/2016,10,Cyanobacteria,Dolichospermum,NA,Cyanobacteria,2584.00,30.8,344812.00,26.3
BUO,6/7/2016,10,Cyanobacteria,Microcystis,NA,Cyanobacteria,1192.00,14.22,19024.00,1.45
BUO,6/7/2016,10,Cyanobacteria,Pseudanabaena,NA,Cyanobacteria,284.00,3.39,5923.00,0.45
BUO,6/16/2016,0,Cyanobacteria,Aphanizomenon,NA,Cyanobacteria,1577.00,1.5,174213.00,2.68
BUO,6/16/2016,0,Cyanobacteria,Dolichospermum,NA,Cyanobacteria,77160.00,73.53,4947557.00,76.17
BUO,6/16/2016,0,Cyanobacteria,Microcystis,NA,Cyanobacteria,2505.00,2.39,49702.00,0.77
BUO,6/16/2016,0,Cyanobacteria,Planktothrix,NA,Cyanobacteria,464.00,0.44,2705.00,0.04
BUO,6/16/2016,0,Cyanobacteria,Pseudanabaena,NA,Cyanobacteria,22862.00,21.79,561126.00,8.64
BUO,6/16/2016,5,Cyanobacteria,Aphanizomenon,NA,Cyanobacteria,3771.00,6.06,416525.00,10.31
BUO,6/16/2016,5,Cyanobacteria,Dolichospermum,NA,Cyanobacteria,36420.00,58.49,2335252.00,57.82
BUO,6/16/2016,5,Cyanobacteria,Microcystis,NA,Cyanobacteria,1993.00,3.2,39548.00,0.98
BUO,6/16/2016,5,Cyanobacteria,Planktothrix,NA,Cyanobacteria,6303.00,10.12,36759.00,0.91
BUO,6/16/2016,5,Cyanobacteria,Pseudanabaena,NA,Cyanobacteria,13350.00,21.44,327667.00,8.11
BUO,6/16/2016,10,Cyanobacteria,Aphanizomenon,NA,Cyanobacteria,2672.00,9.14,295138.00,22.1
BUO,6/16/2016,10,Cyanobacteria,Dolichospermum,NA,Cyanobacteria,10288.00,35.2,659674.00,49.39
BUO,6/16/2016,10,Cyanobacteria,Microcystis,NA,Cyanobacteria,1002.00,3.43,19881.00,1.49
BUO,6/16/2016,10,Cyanobacteria,Planktothrix,NA,Cyanobacteria,5071.00,17.35,29573.00,2.21
BUO,6/16/2016,10,Cyanobacteria,Pseudanabaena,NA,Cyanobacteria,9887.00,33.83,242669.00,18.17
BUO,6/20/2016,0,Cyanobacteria,Anabaena,NA,Cyanobacteria,13684.00,5.65,642307.00,4.41
BUO,6/20/2016,0,Cyanobacteria,Aphanizomenon,NA,Cyanobacteria,48722.00,20.13,1674144.00,11.48
BUO,6/20/2016,0,Cyanobacteria,Chroococcus,NA,Cyanobacteria,19903.00,8.22,549567.00,3.77
BUO,6/20/2016,0,Cyanobacteria,Microcystis,NA,Cyanobacteria,91224.00,37.68,3545047.00,24.31
BUO,6/20/2016,0,Cyanobacteria,Planktothrix,NA,Cyanobacteria,26538.00,10.96,846740.00,5.81
BUO,6/20/2016,0,Cyanobacteria,Pseudanabaena,NA,Cyanobacteria,37858.00,15.64,3461179.00,23.74
BUO,7/1/2016,0,Cyanobacteria,Anabaena,N/A,Cyanobacteria,29814.00,10.71,12705144.00,29.12
BUO,7/1/2016,0,Cyanobacteria,Aphanizomenon,N/A,Cyanobacteria,45446.00,16.32,1338485.00,3.07
BUO,7/1/2016,0,Cyanobacteria,Aphanocapsa,N/A,Cyanobacteria,5255.00,1.89,55891.00,0.13
BUO,7/1/2016,0,Cyanobacteria,Chroococcus,N/A,Cyanobacteria,14371.00,5.16,229267.00,0.53
BUO,7/1/2016,0,Cyanobacteria,Cuspidothrix,N/A,Cyanobacteria,22130.00,7.95,928648.00,2.13
BUO,7/1/2016,0,Cyanobacteria,Dolichospermum,N/A,Cyanobacteria,9759.00,3.5,1425217.00,3.27
BUO,7/1/2016,0,Cyanobacteria,Merismopedia,N/A,Cyanobacteria,8151.00,2.93,82781.00,0.19
BUO,7/1/2016,0,Cyanobacteria,Planktothrix,N/A,Cyanobacteria,118915.00,42.71,3064538.00,7.02
BUO,7/1/2016,0,Cyanobacteria,Pseudanabaena,N/A,Cyanobacteria,9223.00,3.31,209393.00,0.48
BUO,7/1/2016,0,Cyanobacteria,Raphidiopsis,N/A,Cyanobacteria,903.00,0.32,21058.00,0.05
BUO,7/27/2016,0,Cyanobacteria,Aphanizomenon,N/A,Cyanobacteria,74146.00,6.64,1383065.00,7.87
BUO,7/27/2016,0,Cyanobacteria,Cylindrospermopsis,N/A,Cyanobacteria,132028.00,11.82,4778201.00,27.18
BUO,7/27/2016,0,Cyanobacteria,Planktolyngbya,N/A,Cyanobacteria,435295.00,38.98,1335470.00,7.6
BUO,7/27/2016,0,Cyanobacteria,Planktothrix,N/A,Cyanobacteria,210905.00,18.89,5952842.00,33.86
BUO,7/27/2016,0,Cyanobacteria,Pseudanabaena,N/A,Cyanobacteria,167304.00,14.98,1642507.00,9.34
BUO,7/27/2016,0,Cyanobacteria,Raphidiopsis,N/A,Cyanobacteria,89496.00,8.01,1460711.00,8.31
BUO,7/27/2016,5,Cyanobacteria,Anabaena,N/A,Cyanobacteria,1716.00,0.2,39483.00,0.25
BUO,7/27/2016,5,Cyanobacteria,Aphanizomenon,N/A,Cyanobacteria,54696.00,6.27,1020249.00,6.52
BUO,7/27/2016,5,Cyanobacteria,Cylindrospermopsis,N/A,Cyanobacteria,82100.00,9.42,2971252.00,18.98
BUO,7/27/2016,5,Cyanobacteria,Planktolyngbya,N/A,Cyanobacteria,229850.00,26.36,705172.00,4.51
BUO,7/27/2016,5,Cyanobacteria,Planktothrix,N/A,Cyanobacteria,233368.00,26.77,6586873.00,42.08
BUO,7/27/2016,5,Cyanobacteria,Pseudanabaena,N/A,Cyanobacteria,132449.00,15.19,1300318.00,8.31
BUO,7/27/2016,5,Cyanobacteria,Raphidiopsis,N/A,Cyanobacteria,132082.00,15.15,2155790.00,13.77
BUO,7/27/2016,5,Cyanobacteria,Merismopedia,N/A,Cyanobacteria,2574.00,0.3,40217.00,0.26
BUO,8/4/2016,0,Cyanobacteria,Aphanizomenon,NA,Cyanobacteria,52980.00,11.98,2444597.00,22.67
BUO,8/4/2016,0,Cyanobacteria,Chroococcus,NA,Cyanobacteria,328.00,0.07,3959.00,0.04
BUO,8/4/2016,0,Cyanobacteria,Cylindrospermopsis,NA,Cyanobacteria,44228.00,10,1360543.00,12.62
BUO,8/4/2016,0,Cyanobacteria,Planktothrix,NA,Cyanobacteria,191317.00,43.27,5517373.00,51.18
BUO,8/4/2016,0,Cyanobacteria,Pseudanabaena,NA,Cyanobacteria,108502.00,24.54,565895.00,5.25
BUO,8/4/2016,0,Cyanobacteria,Raphidiopsis,NA,Cyanobacteria,42163.00,9.54,393235.00,3.65
BUO,8/4/2016,5,Cyanobacteria,Anabaena,NA,Cyanobacteria,7605.00,1.1,1810490.00,9.75
BUO,8/4/2016,5,Cyanobacteria,Aphanizomenon,NA,Cyanobacteria,64640.00,9.38,2982643.00,16.06
BUO,8/4/2016,5,Cyanobacteria,Cylindrospermopsis,NA,Cyanobacteria,72409.00,10.51,2227463.00,11.99
BUO,8/4/2016,5,Cyanobacteria,Planktothrix,NA,Cyanobacteria,300844.00,43.66,8675981.00,46.71
BUO,8/4/2016,5,Cyanobacteria,Pseudanabaena,NA,Cyanobacteria,143882.00,20.88,750420.00,4.04
BUO,8/4/2016,5,Cyanobacteria,Raphidiopsis,NA,Cyanobacteria,91310.00,13.25,851615.00,4.59
BUO,8/4/2016,10,Cyanobacteria,Anabaena,NA,Cyanobacteria,1859.00,0.27,442564.00,2.52
BUO,8/4/2016,10,Cyanobacteria,Aphanizomenon,NA,Cyanobacteria,57627.00,8.39,2659036.00,15.14
BUO,8/4/2016,10,Cyanobacteria,Cylindrospermopsis,NA,Cyanobacteria,57185.00,8.33,1759125.00,10.02
BUO,8/4/2016,10,Cyanobacteria,Planktothrix,NA,Cyanobacteria,373646.00,54.4,10775528.00,61.35
BUO,8/4/2016,10,Cyanobacteria,Pseudanabaena,NA,Cyanobacteria,127151.00,18.51,663162.00,3.78
BUO,8/4/2016,10,Cyanobacteria,Raphidiopsis,NA,Cyanobacteria,66609.00,9.7,621232.00,3.54
BUO,8/4/2016,20,Cyanobacteria,Aphanizomenon,NA,Cyanobacteria,12548.00,6.65,578984.00,11.34
BUO,8/4/2016,20,Cyanobacteria,Aphanocapsa,NA,Cyanobacteria,3802.00,2.02,60661.00,1.19
BUO,8/4/2016,20,Cyanobacteria,Cylindrospermopsis,NA,Cyanobacteria,6498.00,3.44,199901.00,3.91
BUO,8/4/2016,20,Cyanobacteria,Merismopedia,NA,Cyanobacteria,1267.00,0.67,102981.00,2.02
BUO,8/4/2016,20,Cyanobacteria,Planktothrix,NA,Cyanobacteria,108748.00,57.64,3136161.00,61.4
BUO,8/4/2016,20,Cyanobacteria,Pseudanabaena,NA,Cyanobacteria,49431.00,26.2,257808.00,5.05
BUO,8/4/2016,20,Cyanobacteria,Raphidiopsis,NA,Cyanobacteria,4483.00,2.38,41809.00,0.82
BUO,8/30/2016,0,Cyanobacteria,Anabaena,NA,Cyanobacteria,2390.00,2.51,139320.00,2.37
BUO,8/30/2016,0,Cyanobacteria,Aphanizomenon,NA,Cyanobacteria,12519.00,13.16,245817.00,4.19
BUO,8/30/2016,0,Cyanobacteria,Cylindrospermopsis,NA,Cyanobacteria,5789.00,6.09,209503.00,3.57
BUO,8/30/2016,0,Cyanobacteria,Dolichospermum,NA,Cyanobacteria,3471.00,3.65,222580.00,3.79
BUO,8/30/2016,0,Cyanobacteria,Merismopedia,NA,Cyanobacteria,8650.00,9.09,135152.00,2.3
BUO,8/30/2016,0,Cyanobacteria,Planktothrix,NA,Cyanobacteria,10243.00,10.77,188553.00,3.21
BUO,8/30/2016,0,Cyanobacteria,Pseudanabaena,NA,Cyanobacteria,39652.00,41.69,194643.00,3.31
BUO,8/30/2016,0,Cyanobacteria,Raphidiopsis,NA,Cyanobacteria,6541.00,6.88,266907.00,4.54
BUO,8/30/2016,5,Cyanobacteria,Aphanizomenon,NA,Cyanobacteria,6615.00,11.27,129895.00,1
BUO,8/30/2016,5,Cyanobacteria,Cylindrospermopsis,NA,Cyanobacteria,1373.00,2.34,49686.00,0.38
BUO,8/30/2016,5,Cyanobacteria,Dolichospermum,NA,Cyanobacteria,9244.00,15.75,592701.00,4.58
BUO,8/30/2016,5,Cyanobacteria,Merismopedia,NA,Cyanobacteria,3681.00,6.27,57511.00,0.44
BUO,8/30/2016,5,Cyanobacteria,Planktothrix,NA,Cyanobacteria,16396.00,27.93,301811.00,2.33
BUO,8/30/2016,5,Cyanobacteria,Pseudanabaena,NA,Cyanobacteria,14505.00,24.71,71203.00,0.55
BUO,8/30/2016,5,Cyanobacteria,Raphidiopsis,NA,Cyanobacteria,3874.00,6.6,158091.00,1.22
BUO,8/30/2016,10,Cyanobacteria,Aphanizomenon,NA,Cyanobacteria,5437.00,11.72,106763.00,1.26
BUO,8/30/2016,10,Cyanobacteria,Cylindrospermopsis,NA,Cyanobacteria,1664.00,3.59,60225.00,0.71
BUO,8/30/2016,10,Cyanobacteria,Merismopedia,NA,Cyanobacteria,6692.00,14.42,104565.00,1.23
BUO,8/30/2016,10,Cyanobacteria,Planktothrix,NA,Cyanobacteria,11165.00,24.06,205519.00,2.42
BUO,8/30/2016,10,Cyanobacteria,Pseudanabaena,NA,Cyanobacteria,15794.00,34.04,77526.00,0.91
BUO,8/30/2016,10,Cyanobacteria,Raphidiopsis,NA,Cyanobacteria,2747.00,5.92,112101.00,1.32
BUO,8/30/2016,20,Cyanobacteria,Aphanizomenon,NA,Cyanobacteria,1673.00,20.55,32850.00,11.64
BUO,8/30/2016,20,Cyanobacteria,Cylindrospermopsis,NA,Cyanobacteria,113.00,1.39,4106.00,1.46
BUO,8/30/2016,20,Cyanobacteria,Merismopedia,NA,Cyanobacteria,446.00,5.48,6971.00,2.47
BUO,8/30/2016,20,Cyanobacteria,Planktothrix,NA,Cyanobacteria,4127.00,50.7,75966.00,26.93
BUO,8/30/2016,20,Cyanobacteria,Pseudanabaena,NA,Cyanobacteria,613.00,7.54,3011.00,1.07
BUO,8/30/2016,20,Cyanobacteria,Raphidiopsis,NA,Cyanobacteria,470.00,5.77,19163.00,6.79
BUO,9/20/2016,0,Cyanobacteria,Aphanizomenon,NA,Cyanobacteria,1603.00,2.71,47222.00,2.14
BUO,9/20/2016,0,Cyanobacteria,Cylindrospermopsis,NA,Cyanobacteria,378.00,0.64,23953.00,1.09
BUO,9/20/2016,0,Cyanobacteria,Merismopedia,NA,Cyanobacteria,19630.00,33.17,145694.00,6.61
BUO,9/20/2016,0,Cyanobacteria,Planktothrix,NA,Cyanobacteria,24538.00,41.46,737759.00,33.46
BUO,9/20/2016,0,Cyanobacteria,Pseudanabaena,NA,Cyanobacteria,6162.00,10.41,134232.00,6.09
BUO,9/20/2016,0,Cyanobacteria,Raphidiopsis,NA,Cyanobacteria,2466.00,4.17,48865.00,2.22
BUO,9/20/2016,5,Cyanobacteria,Aphanizomenon,NA,Cyanobacteria,279.00,0.41,8213.00,0.2
BUO,9/20/2016,5,Cyanobacteria,Cylindrospermopsis,NA,Cyanobacteria,416.00,0.61,26349.00,0.64
BUO,9/20/2016,5,Cyanobacteria,Merismopedia,NA,Cyanobacteria,23423.00,34.49,173840.00,4.2
BUO,9/20/2016,5,Cyanobacteria,Planktothrix,NA,Cyanobacteria,30695.00,45.2,922870.00,22.32
BUO,9/20/2016,5,Cyanobacteria,Pseudanabaena,NA,Cyanobacteria,6307.00,9.29,137391.00,3.32
BUO,9/20/2016,5,Cyanobacteria,Raphidiopsis,NA,Cyanobacteria,3053.00,4.5,60499.00,1.46
BUO,9/20/2016,10,Cyanobacteria,Aphanizomenon,NA,Cyanobacteria,1743.00,2.77,51328.00,2.34
BUO,9/20/2016,10,Cyanobacteria,Aphanocapsa,NA,Cyanobacteria,725.00,1.15,6673.00,0.3
BUO,9/20/2016,10,Cyanobacteria,Dolichospermum,NA,Cyanobacteria,558.00,0.89,291545.00,13.3
BUO,9/20/2016,10,Cyanobacteria,Merismopedia,NA,Cyanobacteria,18560.00,29.5,137747.00,6.28
BUO,9/20/2016,10,Cyanobacteria,Planktothrix,NA,Cyanobacteria,25374.00,40.33,762910.00,34.8
BUO,9/20/2016,10,Cyanobacteria,Pseudanabaena,NA,Cyanobacteria,11845.00,18.83,258017.00,11.77
BUO,9/20/2016,10,Cyanobacteria,Raphidiopsis,NA,Cyanobacteria,1291.00,2.05,25596.00,1.17
BUO,9/20/2016,20,Cyanobacteria,Aphanizomenon,NA,Cyanobacteria,1743.00,4.18,51328.00,1.62
BUO,9/20/2016,20,Cyanobacteria,Cylindrospermopsis,NA,Cyanobacteria,303.00,0.73,19163.00,0.61
BUO,9/20/2016,20,Cyanobacteria,Merismopedia,NA,Cyanobacteria,15225.00,36.51,112996.00,3.57
BUO,9/20/2016,20,Cyanobacteria,Planktothrix,NA,Cyanobacteria,14622.00,35.06,439637.00,13.88
BUO,9/20/2016,20,Cyanobacteria,Pseudanabaena,NA,Cyanobacteria,6224.00,14.92,135568.00,4.28
BUO,9/20/2016,20,Cyanobacteria,Raphidiopsis,NA,Cyanobacteria,1468.00,3.52,29086.00,0.92
BUO,9/28/2016,0,Cyanobacteria,Aphanizomenon,NA,Cyanobacteria,2091.00,3.18,86232.00,3.22
BUO,9/28/2016,0,Cyanobacteria,Chroococcus,NA,Cyanobacteria,28.00,0.04,553.00,0.02
BUO,9/28/2016,0,Cyanobacteria,Cylindrospermopsis,NA,Cyanobacteria,1248.00,1.9,45169.00,1.69
BUO,9/28/2016,0,Cyanobacteria,Merismopedia,NA,Cyanobacteria,21236.00,32.34,157615.00,5.88
BUO,9/28/2016,0,Cyanobacteria,Planktothrix,NA,Cyanobacteria,17980.00,27.38,275804.00,10.29
BUO,9/28/2016,0,Cyanobacteria,Pseudanabaena,NA,Cyanobacteria,18671.00,28.43,389520.00,14.54
BUO,9/28/2016,0,Cyanobacteria,Raphidiopsis,NA,Cyanobacteria,2131.00,3.24,49686.00,1.85
BUO,10/11/2016,0,Cyanobacteria,Aphanizomenon,NA,Cyanobacteria,558.00,1.44,32303.00,1.41
BUO,10/11/2016,0,Cyanobacteria,Chroococcus,NA,Cyanobacteria,335.00,0.86,23543.00,1.03
BUO,10/11/2016,0,Cyanobacteria,Merismopedia,NA,Cyanobacteria,1785.00,4.6,80167.00,3.5
BUO,10/11/2016,0,Cyanobacteria,Planktothrix,NA,Cyanobacteria,26099.00,67.34,400361.00,17.49
BUO,10/11/2016,0,Cyanobacteria,Pseudanabaena,NA,Cyanobacteria,7099.00,18.32,145928.00,6.37
BUO,10/11/2016,0,Cyanobacteria,Raphidiopsis,NA,Cyanobacteria,704.00,1.82,16425.00,0.72
BUO,10/11/2016,5,Cyanobacteria,Aphanizomenon,NA,Cyanobacteria,3555.00,6.49,205929.00,8.66
BUO,10/11/2016,5,Cyanobacteria,Chroococcus,NA,Cyanobacteria,112.00,0.2,7848.00,0.33
BUO,10/11/2016,5,Cyanobacteria,Merismopedia,NA,Cyanobacteria,5800.00,10.6,260542.00,10.96
BUO,10/11/2016,5,Cyanobacteria,Planktothrix,NA,Cyanobacteria,35134.00,64.19,538947.00,22.67
BUO,10/11/2016,5,Cyanobacteria,Pseudanabaena,NA,Cyanobacteria,6146.00,11.23,126326.00,5.31
BUO,10/11/2016,5,Cyanobacteria,Raphidiopsis,NA,Cyanobacteria,646.00,1.18,15056.00,0.63
BUO,10/11/2016,10,Cyanobacteria,Aphanizomenon,NA,Cyanobacteria,3486.00,6.09,201891.00,7.11
BUO,10/11/2016,10,Cyanobacteria,Merismopedia,NA,Cyanobacteria,2454.00,4.29,110229.00,3.88
BUO,10/11/2016,10,Cyanobacteria,Planktothrix,NA,Cyanobacteria,46042.00,80.41,706278.00,24.88
BUO,10/11/2016,10,Cyanobacteria,Pseudanabaena,NA,Cyanobacteria,2844.00,4.97,58463.00,2.06
BUO,10/11/2016,10,Cyanobacteria,Raphidiopsis,NA,Cyanobacteria,117.00,0.21,2738.00,0.1
BUO,10/11/2016,20,Cyanobacteria,Aphanizomenon,NA,Cyanobacteria,1603.00,4.74,92870.00,4.49
BUO,10/11/2016,20,Cyanobacteria,Chroococcus,NA,Cyanobacteria,56.00,0.16,3924.00,0.19
BUO,10/11/2016,20,Cyanobacteria,Merismopedia,NA,Cyanobacteria,16507.00,48.75,741542.00,35.89
BUO,10/11/2016,20,Cyanobacteria,Planktothrix,NA,Cyanobacteria,6670.00,19.7,102314.00,4.95
BUO,10/11/2016,20,Cyanobacteria,Pseudanabaena,NA,Cyanobacteria,5214.00,15.4,107182.00,5.19
BUO,10/11/2016,20,Cyanobacteria,Raphidiopsis,NA,Cyanobacteria,881.00,2.6,20531.00,0.99
BUO,11/1/2016,0,Cyanobacteria,Planktothrix,NA,Cyanobacteria,1896.00,58.62,46538.00,20.17
BUO,11/1/2016,0,Cyanobacteria,Pseudanabaena,NA,Cyanobacteria,167.00,5.17,770.00,0.33
BUO,11/1/2016,5,Cyanobacteria,Chroococcus,NA,Cyanobacteria,139.00,2.7,12404.00,2.35
BUO,11/1/2016,5,Cyanobacteria,Planktothrix,NA,Cyanobacteria,3011.00,58.38,73913.00,13.98
BUO,11/1/2016,5,Cyanobacteria,Pseudanabaena,NA,Cyanobacteria,641.00,12.43,2951.00,0.56
BUO,11/1/2016,10,Cyanobacteria,Planktothrix,NA,Cyanobacteria,1004.00,62.07,24638.00,9.01
BUO,11/1/2016,20,Cyanobacteria,Pseudanabaena,NA,Cyanobacteria,195.00,20.59,898.00,0.27
BUO,3/24/2017,10,Cyanobacteria,Planktolyngbya,NA,Cyanobacteria,1729.00,98.21,21219.00,36.55
BUO,3/24/2017,20,Cyanobacteria,Cylindrospermopsis,NA,Cyanobacteria,817.00,60.47,40123.00,6.19
BUO,4/26/2017,0,Cyanobacteria,Aphanizomenon,NA,Cyanobacteria,1949.00,43.36,49600.00,1.3
BUO,5/3/2017,0,Cyanobacteria,Aphanizomenon,NA,Cyanobacteria,597.00,36.54,43981.00,1.87
BUO,5/3/2017,0,Cyanobacteria,Dolichospermum,NA,Cyanobacteria,252.00,15.38,23457.00,1
BUO,5/16/2017,0,Cyanobacteria,Cylindrospermopsis,NA,Cyanobacteria,1446.00,10.27,17747.00,1.33
BUO,5/16/2017,0,Cyanobacteria,Dolichospermum,NA,Cyanobacteria,11349.00,80.58,856536.00,64.24
BUO,5/16/2017,5,Cyanobacteria,Dolichospermum,NA,Cyanobacteria,4213.00,90.54,317939.00,69.73
BUO,5/16/2017,5,Cyanobacteria,Pseudanabaena,NA,Cyanobacteria,189.00,4.05,4630.00,1.02
BUO,5/16/2017,10,Cyanobacteria,Dolichospermum,NA,Cyanobacteria,3332.00,92.98,251504.00,53.51
BUO,5/17/2017,0,Cyanobacteria,Aphanizomenon,NA,Cyanobacteria,157.00,0.49,22762.00,0.57
BUO,5/17/2017,0,Cyanobacteria,Dolichospermum,NA,Cyanobacteria,28860.00,90.71,1354683.00,33.83
BUO,5/31/2017,0,Cyanobacteria,Aphanizomenon,N/A,Cyanobacteria,1761.00,2.82,18667.00,0.1
BUO,5/31/2017,0,Cyanobacteria,Dolichospermum,N/A,Cyanobacteria,30023.00,48.14,3537025.00,19.77
BUO,5/31/2017,0,Cyanobacteria,Merismopedia,N/A,Cyanobacteria,1006.00,1.61,15719.00,0.09
BUO,5/31/2017,0,Cyanobacteria,Microcystis,N/A,Cyanobacteria,189.00,0.3,5208.00,0.03
BUO,5/31/2017,0,Cyanobacteria,Planktothrix,N/A,Cyanobacteria,3615.00,5.8,57500.00,0.32
BUO,5/31/2017,0,Cyanobacteria,Pseudanabaena,N/A,Cyanobacteria,880.00,1.41,21605.00,0.12
BUO,5/31/2017,0,Cyanobacteria,Aphanizomenon,N/A,Cyanobacteria,2672.00,4.28,28333.00,0.16
BUO,5/31/2017,0,Cyanobacteria,Dolichospermum,N/A,Cyanobacteria,14336.00,22.98,1688883.00,9.44
BUO,6/5/2017,0,Cyanobacteria,Aphanizomenon,NA,Cyanobacteria,9038.00,1.64,138359.00,0.07
BUO,6/5/2017,0,Cyanobacteria,Dolichospermum,NA,Cyanobacteria,445868.00,80.81,140073606.00,67.66
BUO,6/5/2017,0,Cyanobacteria,Microcystis,NA,Cyanobacteria,33403.00,6.05,5301551.00,2.56
BUO,6/5/2017,0,Cyanobacteria,Planktothrix,NA,Cyanobacteria,14147.00,2.56,254999.00,0.12
BUO,6/5/2017,0,Cyanobacteria,Pseudanabaena,NA,Cyanobacteria,8645.00,1.57,212191.00,0.1
BUO,6/6/2017,0,Cyanobacteria,Aphanizomenon,NA,Cyanobacteria,1603.00,1.94,236110.00,1.71
BUO,6/6/2017,0,Cyanobacteria,Chroococcus,NA,Cyanobacteria,189.00,0.23,5208.00,0.04
BUO,6/6/2017,0,Cyanobacteria,Dolichospermum,NA,Cyanobacteria,59254.00,71.81,9743918.00,70.57
BUO,6/6/2017,0,Cyanobacteria,Microcystis,NA,Cyanobacteria,4684.00,5.68,200237.00,1.45
BUO,6/6/2017,0,Cyanobacteria,Planktothrix,NA,Cyanobacteria,12669.00,15.35,134333.00,0.97
BUO,6/6/2017,5,Cyanobacteria,Aphanizomenon,NA,Cyanobacteria,1478.00,2.88,217592.00,2.36
BUO,6/6/2017,5,Cyanobacteria,Chroococcus,NA,Cyanobacteria,189.00,0.37,5208.00,0.06
BUO,6/6/2017,5,Cyanobacteria,Cuspidothrix,NA,Cyanobacteria,1981.00,3.86,106944.00,1.16
BUO,6/6/2017,5,Cyanobacteria,Dolichospermum,NA,Cyanobacteria,34462.00,67.2,5667064.00,61.43
BUO,6/6/2017,5,Cyanobacteria,Microcystis,NA,Cyanobacteria,4967.00,9.69,212332.00,2.3
BUO,6/6/2017,5,Cyanobacteria,Planktothrix,NA,Cyanobacteria,3395.00,6.62,36000.00,0.39
BUO,6/6/2017,5,Cyanobacteria,Woronichinia,NA,Cyanobacteria,1132.00,2.21,9259.00,0.1
BUO,6/6/2017,10,Cyanobacteria,Aphanizomenon,NA,Cyanobacteria,472.00,2.47,69444.00,1.03
BUO,6/6/2017,10,Cyanobacteria,Dolichospermum,NA,Cyanobacteria,13336.00,69.98,2193002.00,32.65
BUO,6/6/2017,10,Cyanobacteria,Merismopedia,NA,Cyanobacteria,252.00,1.32,3930.00,0.06
BUO,6/6/2017,10,Cyanobacteria,Microcystis,NA,Cyanobacteria,849.00,4.45,36285.00,0.54
BUO,6/6/2017,10,Cyanobacteria,Planktothrix,NA,Cyanobacteria,2735.00,14.35,29000.00,0.43
BUO,6/19/2017,0,Cyanobacteria,Aphanizomenon,N/A,Cyanobacteria,2075.00,1.12,43725.00,0.47
BUO,6/19/2017,0,Cyanobacteria,Dolichospermum,N/A,Cyanobacteria,98605.00,53.2,6383095.00,68.19
BUO,6/19/2017,0,Cyanobacteria,Microcystis,N/A,Cyanobacteria,24270.00,13.1,1404805.00,15.01
BUO,6/19/2017,0,Cyanobacteria,Planktothrix,N/A,Cyanobacteria,20592.00,11.11,114625.00,1.22
BUO,6/19/2017,0,Cyanobacteria,Pseudanabaena,N/A,Cyanobacteria,27970.00,15.09,686495.00,7.33
BUO,6/19/2017,0,Cyanobacteria,Woronichinia,N/A,Cyanobacteria,10846.00,5.85,159722.00,1.71
BUO,6/19/2017,20,Cyanobacteria,Aphanizomenon,N/A,Cyanobacteria,880.00,0.46,18550.00,0.11
BUO,6/19/2017,20,Cyanobacteria,Dolichospermum,N/A,Cyanobacteria,152502.00,79.22,9872073.00,57.79
BUO,6/19/2017,20,Cyanobacteria,Microcystis,N/A,Cyanobacteria,7105.00,3.69,411251.00,2.41
BUO,6/19/2017,20,Cyanobacteria,Planktothrix,N/A,Cyanobacteria,21541.00,11.19,119910.00,0.7
BUO,6/19/2017,20,Cyanobacteria,Pseudanabaena,N/A,Cyanobacteria,8865.00,4.61,217592.00,1.27
BUO,6/20/2017,0,Cyanobacteria,Aphanizomenon,NA,Cyanobacteria,8583.00,3.54,684604.00,3.79
BUO,6/20/2017,0,Cyanobacteria,Chroococcus,NA,Cyanobacteria,63.00,0.03,514.00,0
BUO,6/20/2017,0,Cyanobacteria,Dolichospermum,NA,Cyanobacteria,16920.00,6.98,3462367.00,19.15
BUO,6/20/2017,0,Cyanobacteria,Microcystis,NA,Cyanobacteria,177829.00,73.34,8256309.00,45.66
BUO,6/20/2017,0,Cyanobacteria,Planktothrix,NA,Cyanobacteria,11381.00,4.69,977620.00,5.41
BUO,6/20/2017,0,Cyanobacteria,Pseudanabaena,NA,Cyanobacteria,26565.00,10.96,652004.00,3.61
BUO,6/20/2017,5,Cyanobacteria,Aphanizomenon,NA,Cyanobacteria,11885.00,2.98,948036.00,3.63
BUO,6/20/2017,5,Cyanobacteria,Cuspidothrix,NA,Cyanobacteria,345.00,0.09,12703.00,0.05
BUO,6/20/2017,5,Cyanobacteria,Dolichospermum,NA,Cyanobacteria,39094.00,9.8,7999963.00,30.59
BUO,6/20/2017,5,Cyanobacteria,Microcystis,NA,Cyanobacteria,280487.00,70.34,13022609.00,49.8
BUO,6/20/2017,5,Cyanobacteria,Planktothrix,NA,Cyanobacteria,36483.00,9.15,3134023.00,11.99
BUO,6/20/2017,5,Cyanobacteria,Pseudanabaena,NA,Cyanobacteria,28294.00,7.1,694442.00,2.66
BUO,6/20/2017,10,Cyanobacteria,Aphanizomenon,NA,Cyanobacteria,5313.00,4.67,423803.00,3.83
BUO,6/20/2017,10,Cyanobacteria,Dolichospermum,NA,Cyanobacteria,30017.00,26.39,6142452.00,55.44
BUO,6/20/2017,10,Cyanobacteria,Microcystis,NA,Cyanobacteria,43384.00,38.14,2014268.00,18.18
BUO,6/20/2017,10,Cyanobacteria,Planktothrix,NA,Cyanobacteria,21629.00,19.01,1858018.00,16.77
BUO,6/20/2017,10,Cyanobacteria,Pseudanabaena,NA,Cyanobacteria,12509.00,11,307021.00,2.77
BUO,7/5/2017,0,Cyanobacteria,Aphanizomenon,NA,Cyanobacteria,8968.00,2.24,57051.00,0.19
BUO,7/5/2017,0,Cyanobacteria,Dolichospermum,NA,Cyanobacteria,55949.00,13.99,13869226.00,47.07
BUO,7/5/2017,0,Cyanobacteria,Microcystis,NA,Cyanobacteria,269226.00,67.32,9416106.00,31.96
BUO,7/5/2017,0,Cyanobacteria,Planktothrix,NA,Cyanobacteria,16678.00,4.17,103891.00,0.35
BUO,7/5/2017,0,Cyanobacteria,Pseudanabaena,NA,Cyanobacteria,47104.00,11.78,462438.00,1.57
BUO,7/12/2017,0,Cyanobacteria,Aphanizomenon,NA,Cyanobacteria,4931.00,0.44,83212.00,0.14
BUO,7/12/2017,0,Cyanobacteria,Aphanothece,NA,Cyanobacteria,1295.00,0.12,3971.00,0.01
BUO,7/12/2017,0,Cyanobacteria,Chroococcus,NA,Cyanobacteria,2108.00,0.19,17248.00,0.03
BUO,7/12/2017,0,Cyanobacteria,Cuspidothrix,NA,Cyanobacteria,6473.00,0.58,254175.00,0.44
BUO,7/12/2017,0,Cyanobacteria,Dolichospermum,NA,Cyanobacteria,9493.00,0.84,1211567.00,2.09
BUO,7/12/2017,0,Cyanobacteria,Microcystis,NA,Cyanobacteria,705195.00,62.69,51924300.00,89.69
BUO,7/12/2017,0,Cyanobacteria,Planktolyngbya,NA,Cyanobacteria,7212.00,0.64,43015.00,0.07
BUO,7/12/2017,0,Cyanobacteria,Planktothrix,NA,Cyanobacteria,357819.00,31.81,2655736.00,4.59
BUO,7/12/2017,0,Cyanobacteria,Pseudanabaena,NA,Cyanobacteria,22512.00,2,663033.00,1.15
BUO,7/12/2017,0,Cyanobacteria,Raphidiopsis,NA,Cyanobacteria,1911.00,0.17,20261.00,0.03
BUO,7/12/2017,0,Cyanobacteria,Romeria,NA,Cyanobacteria,616.00,0.05,6619.00,0.01
BUO,7/20/2017,0,Cyanobacteria,Aphanizomenon,NA,Cyanobacteria,6949.00,2.22,153508.00,2.72
BUO,7/20/2017,0,Cyanobacteria,Chroococcus,NA,Cyanobacteria,331.00,0.11,2707.00,0.05
BUO,7/20/2017,0,Cyanobacteria,Cuspidothrix,NA,Cyanobacteria,607.00,0.19,14891.00,0.26
BUO,7/20/2017,0,Cyanobacteria,Cylindrospermopsis,NA,Cyanobacteria,552.00,0.18,6768.00,0.12
BUO,7/20/2017,0,Cyanobacteria,Dolichospermum,NA,Cyanobacteria,46732.00,14.96,2996486.00,53.06
BUO,7/20/2017,0,Cyanobacteria,Microcystis,NA,Cyanobacteria,42590.00,13.63,1175983.00,20.83
BUO,7/20/2017,0,Cyanobacteria,Planktothrix,NA,Cyanobacteria,191959.00,61.45,508829.00,9.01
BUO,7/20/2017,0,Cyanobacteria,Pseudanabaena,NA,Cyanobacteria,18879.00,6.04,463368.00,8.21
BUO,7/20/2017,0,Cyanobacteria,Raphidiopsis,NA,Cyanobacteria,1213.00,0.39,6433.00,0.11
BUO,7/20/2017,0,Cyanobacteria,Romeria,NA,Cyanobacteria,1544.00,0.49,26532.00,0.47
BUO,7/20/2017,5,Cyanobacteria,Aphanizomenon,NA,Cyanobacteria,10348.00,0.89,228587.00,1.92
BUO,7/20/2017,5,Cyanobacteria,Cuspidothrix,NA,Cyanobacteria,5764.00,0.5,141460.00,1.19
BUO,7/20/2017,5,Cyanobacteria,Cylindrospermopsis,NA,Cyanobacteria,14278.00,1.23,175218.00,1.47
BUO,7/20/2017,5,Cyanobacteria,Dolichospermum,NA,Cyanobacteria,20238.00,1.75,1297678.00,10.89
BUO,7/20/2017,5,Cyanobacteria,Microcystis,NA,Cyanobacteria,113779.00,9.83,3141627.00,26.36
BUO,7/20/2017,5,Cyanobacteria,Planktothrix,NA,Cyanobacteria,947329.00,81.88,2511103.00,21.07
BUO,7/20/2017,5,Cyanobacteria,Pseudanabaena,NA,Cyanobacteria,34385.00,2.97,843940.00,7.08
BUO,7/20/2017,5,Cyanobacteria,Raphidiopsis,NA,Cyanobacteria,4978.00,0.43,26389.00,0.22
BUO,7/20/2017,5,Cyanobacteria,Romeria,NA,Cyanobacteria,1572.00,0.14,27006.00,0.23
BUO,7/20/2017,10,Cyanobacteria,Aphanizomenon,NA,Cyanobacteria,3773.00,0.92,83333.00,1.1
BUO,7/20/2017,10,Cyanobacteria,Cuspidothrix,NA,Cyanobacteria,1347.00,0.33,33069.00,0.44
BUO,7/20/2017,10,Cyanobacteria,Dolichospermum,NA,Cyanobacteria,30073.00,7.31,1928267.00,25.38
BUO,7/20/2017,10,Cyanobacteria,Microcystis,NA,Cyanobacteria,102748.00,24.97,2837044.00,37.35
BUO,7/20/2017,10,Cyanobacteria,Planktothrix,NA,Cyanobacteria,253434.00,61.58,671783.00,8.84
BUO,7/20/2017,10,Cyanobacteria,Pseudanabaena,NA,Cyanobacteria,13689.00,3.33,335978.00,4.42
BUO,7/20/2017,10,Cyanobacteria,Raphidiopsis,NA,Cyanobacteria,2335.00,0.57,12381.00,0.16
BUO,7/20/2017,10,Cyanobacteria,Romeria,NA,Cyanobacteria,808.00,0.2,13889.00,0.18
BUO,7/26/2017,0,Cyanobacteria,Aphanizomenon,NA,Cyanobacteria,9243.00,7.22,147000.00,2.54
BUO,7/26/2017,0,Cyanobacteria,Cuspidothrix,NA,Cyanobacteria,157.00,0.12,5000.00,0.09
BUO,7/26/2017,0,Cyanobacteria,Cylindrospermopsis,NA,Cyanobacteria,943.00,0.74,40000.00,0.69
BUO,7/26/2017,0,Cyanobacteria,Dolichospermum,NA,Cyanobacteria,22682.00,17.72,2080708.00,35.91
BUO,7/26/2017,0,Cyanobacteria,Microcystis,NA,Cyanobacteria,46890.00,36.64,2359232.00,40.72
BUO,7/26/2017,0,Cyanobacteria,Planktothrix,NA,Cyanobacteria,37326.00,29.17,277036.00,4.78
BUO,7/26/2017,0,Cyanobacteria,Pseudanabaena,NA,Cyanobacteria,6146.00,4.8,181018.00,3.12
BUO,7/26/2017,0,Cyanobacteria,Raphidiopsis,NA,Cyanobacteria,3332.00,2.6,17667.00,0.3
BUO,8/3/2017,0,Cyanobacteria,Aphanizomenon,NA,Cyanobacteria,10363.00,1.62,953786.00,5.32
BUO,8/3/2017,0,Cyanobacteria,Cuspidothrix,NA,Cyanobacteria,10363.00,1.62,1322584.00,7.38
BUO,8/3/2017,0,Cyanobacteria,Cylindrospermopsis,NA,Cyanobacteria,5123.00,0.8,88020.00,0.49
BUO,8/3/2017,0,Cyanobacteria,Dolichospermum,NA,Cyanobacteria,65787.00,10.26,4965047.00,27.71
BUO,8/3/2017,0,Cyanobacteria,Microcystis,NA,Cyanobacteria,41475.00,6.47,1764436.00,9.85
BUO,8/3/2017,0,Cyanobacteria,Planktothrix,NA,Cyanobacteria,471895.00,73.57,5791019.00,32.32
BUO,8/3/2017,0,Cyanobacteria,Pseudanabaena,NA,Cyanobacteria,19468.00,3.04,477822.00,2.67
BUO,8/3/2017,0,Cyanobacteria,Raphidiopsis,NA,Cyanobacteria,13472.00,2.1,330646.00,1.85
BUO,8/3/2017,5,Cyanobacteria,Aphanizomenon,NA,Cyanobacteria,9915.00,1.73,912568.00,3.85
BUO,8/3/2017,5,Cyanobacteria,Cuspidothrix,NA,Cyanobacteria,26359.00,4.6,3364186.00,14.17
BUO,8/3/2017,5,Cyanobacteria,Cylindrospermopsis,NA,Cyanobacteria,20676.00,3.61,355234.00,1.5
BUO,8/3/2017,5,Cyanobacteria,Dolichospermum,NA,Cyanobacteria,121907.00,21.29,9200512.00,38.77
BUO,8/3/2017,5,Cyanobacteria,Microcystis,NA,Cyanobacteria,37242.00,6.5,1584357.00,6.68
BUO,8/3/2017,5,Cyanobacteria,Planktothrix,NA,Cyanobacteria,315733.00,55.13,3874631.00,16.33
BUO,8/3/2017,5,Cyanobacteria,Pseudanabaena,NA,Cyanobacteria,19770.00,3.45,485219.00,2.04
BUO,8/3/2017,5,Cyanobacteria,Raphidiopsis,NA,Cyanobacteria,15380.00,2.69,377492.00,1.59
BUO,8/3/2017,5,Cyanobacteria,Romeria,NA,Cyanobacteria,1451.00,0.25,53419.00,0.23
BUO,8/3/2017,10,Cyanobacteria,Aphanizomenon,NA,Cyanobacteria,16701.00,3.08,1537177.00,9.16
BUO,8/3/2017,10,Cyanobacteria,Cylindrospermopsis,NA,Cyanobacteria,10316.00,1.9,177227.00,1.06
BUO,8/3/2017,10,Cyanobacteria,Dolichospermum,NA,Cyanobacteria,71914.00,13.27,5427499.00,32.35
BUO,8/3/2017,10,Cyanobacteria,Microcystis,NA,Cyanobacteria,25465.00,4.7,1083330.00,6.46
BUO,8/3/2017,10,Cyanobacteria,Planktothrix,NA,Cyanobacteria,379436.00,70.02,4656379.00,27.76
BUO,8/3/2017,10,Cyanobacteria,Pseudanabaena,NA,Cyanobacteria,26202.00,4.83,643082.00,3.83
BUO,8/3/2017,10,Cyanobacteria,Raphidiopsis,NA,Cyanobacteria,6288.00,1.16,154320.00,0.92
BUO,8/3/2017,10,Cyanobacteria,Romeria,NA,Cyanobacteria,2260.00,0.42,83188.00,0.5
BUO,8/9/2017,0,Cyanobacteria,Aphanizomenon,NA,Cyanobacteria,3490.00,6.72,207696.00,6.57
BUO,8/9/2017,0,Cyanobacteria,Dolichospermum,NA,Cyanobacteria,10585.00,20.39,798880.00,25.26
BUO,8/9/2017,0,Cyanobacteria,Microcystis,NA,Cyanobacteria,4684.00,9.02,182034.00,5.75
BUO,8/9/2017,0,Cyanobacteria,Planktothrix,NA,Cyanobacteria,12858.00,24.76,177233.00,5.6
BUO,8/9/2017,0,Cyanobacteria,Pseudanabaena,NA,Cyanobacteria,13911.00,26.79,341434.00,10.79
BUO,8/9/2017,0,Cyanobacteria,Raphidiopsis,NA,Cyanobacteria,4414.00,8.5,23400.00,0.74
BUO,8/30/2017,0,Cyanobacteria,Cuspidothrix,NA,Cyanobacteria,11527.00,2.08,212191.00,1.98
BUO,8/30/2017,0,Cyanobacteria,Cylindrospermopsis,NA,Cyanobacteria,103840.00,18.74,1857948.00,17.35
BUO,8/30/2017,0,Cyanobacteria,Dolichospermum,NA,Cyanobacteria,11527.00,2.08,739131.00,6.9
BUO,8/30/2017,0,Cyanobacteria,Merismopedia,NA,Cyanobacteria,4573.00,0.83,71450.00,0.67
BUO,8/30/2017,0,Cyanobacteria,Microcystis,NA,Cyanobacteria,7621.00,1.38,210437.00,1.97
BUO,8/30/2017,0,Cyanobacteria,Planktothrix,NA,Cyanobacteria,114548.00,20.67,1214541.00,11.34
BUO,8/30/2017,0,Cyanobacteria,Pseudanabaena,NA,Cyanobacteria,43584.00,7.87,508118.00,4.75
BUO,8/30/2017,0,Cyanobacteria,Raphidiopsis,NA,Cyanobacteria,21178.00,3.82,112272.00,1.05
BUO,8/30/2017,0,Cyanobacteria,Cuspidothrix,NA,Cyanobacteria,3358.00,0.61,61816.00,0.58
BUO,8/30/2017,0,Cyanobacteria,Cylindrospermopsis,NA,Cyanobacteria,65419.00,11.81,1170507.00,10.93
BUO,8/30/2017,0,Cyanobacteria,Dolichospermum,NA,Cyanobacteria,12075.00,2.18,774255.00,7.23
BUO,8/30/2017,0,Cyanobacteria,Merismopedia,NA,Cyanobacteria,30866.00,5.57,482286.00,4.5
BUO,8/30/2017,0,Cyanobacteria,Planktothrix,NA,Cyanobacteria,54702.00,9.87,579998.00,5.42
BUO,8/30/2017,0,Cyanobacteria,Pseudanabaena,NA,Cyanobacteria,43120.00,7.78,502703.00,4.7
BUO,8/30/2017,0,Cyanobacteria,Raphidiopsis,NA,Cyanobacteria,21678.00,3.91,114924.00,1.07
BUO,6/14/2018,0,Cyanobacteria,Cuspidothrix,NA,Cyanobacteria,39129.00,10.43,1644644.00,16.12
BUO,6/14/2018,0,Cyanobacteria,Dolichospermum,NA,Cyanobacteria,46674.00,12.45,4811353.00,47.17
BUO,6/14/2018,0,Cyanobacteria,Merismopedia,NA,Cyanobacteria,6434.00,1.72,12566.00,0.12
BUO,6/14/2018,0,Cyanobacteria,Microcystis,NA,Cyanobacteria,8042.00,2.14,8224.00,0.08
BUO,6/14/2018,0,Cyanobacteria,Planktothrix,NA,Cyanobacteria,206913.00,55.17,1206628.00,11.83
BUO,6/14/2018,0,Cyanobacteria,Pseudanabaena,NA,Cyanobacteria,61925.00,16.51,189985.00,1.86
BUO,6/14/2018,0,Cyanobacteria,Raphidiopsis,NA,Cyanobacteria,731.00,0.19,26019.00,0.26
BUO,6/14/2018,5,Cyanobacteria,Cuspidothrix,NA,Cyanobacteria,32668.00,7.62,1373075.00,11.01
BUO,6/14/2018,5,Cyanobacteria,Dolichospermum,NA,Cyanobacteria,61953.00,14.45,6386351.00,51.22
BUO,6/14/2018,5,Cyanobacteria,Microcystis,NA,Cyanobacteria,14010.00,3.27,14328.00,0.11
BUO,6/14/2018,5,Cyanobacteria,Planktothrix,NA,Cyanobacteria,286201.00,66.74,1669005.00,13.39
BUO,6/14/2018,5,Cyanobacteria,Pseudanabaena,NA,Cyanobacteria,25547.00,5.96,78376.00,0.63
BUO,6/14/2018,5,Cyanobacteria,Raphidiopsis,NA,Cyanobacteria,273.00,0.06,9729.00,0.08
BUO,6/14/2018,10,Cyanobacteria,Cuspidothrix,NA,Cyanobacteria,36923.00,8.79,1551906.00,13.76
BUO,6/14/2018,10,Cyanobacteria,Dolichospermum,NA,Cyanobacteria,54000.00,12.86,5566471.00,49.35
BUO,6/14/2018,10,Cyanobacteria,Merismopedia,NA,Cyanobacteria,4281.00,1.02,8361.00,0.07
BUO,6/14/2018,10,Cyanobacteria,Microcystis,NA,Cyanobacteria,8294.00,1.98,8482.00,0.08
BUO,6/14/2018,10,Cyanobacteria,Planktothrix,NA,Cyanobacteria,260400.00,62.03,1518541.00,13.46
BUO,6/14/2018,10,Cyanobacteria,Pseudanabaena,NA,Cyanobacteria,48160.00,11.47,147754.00,1.31
BUO,6/14/2018,20,Cyanobacteria,Cuspidothrix,NA,Cyanobacteria,1037.00,2.48,43605.00,2.95
BUO,6/14/2018,20,Cyanobacteria,Dolichospermum,NA,Cyanobacteria,7948.00,18.98,819257.00,55.43
BUO,6/14/2018,20,Cyanobacteria,Merismopedia,NA,Cyanobacteria,1761.00,4.2,3439.00,0.23
BUO,6/14/2018,20,Cyanobacteria,Microcystis,NA,Cyanobacteria,1258.00,3,1286.00,0.09
BUO,6/14/2018,20,Cyanobacteria,Planktothrix,NA,Cyanobacteria,24446.00,58.38,142560.00,9.65
BUO,6/14/2018,20,Cyanobacteria,Pseudanabaena,NA,Cyanobacteria,4137.00,9.88,12693.00,0.86
BUO,6/14/2018,20,Cyanobacteria,Raphidiopsis,NA,Cyanobacteria,283.00,0.68,10069.00,0.68
BUO,7/12/2018,0,Cyanobacteria,Aphanizomenon,NA,Cyanobacteria,4323.00,0.35,127314.00,0.46
BUO,7/12/2018,0,Cyanobacteria,Cuspidothrix,NA,Cyanobacteria,13361.00,1.07,278741.00,1
BUO,7/12/2018,0,Cyanobacteria,Cylindrospermopsis,NA,Cyanobacteria,11789.00,0.95,144675.00,0.52
BUO,7/12/2018,0,Cyanobacteria,Dolichospermum,NA,Cyanobacteria,22400.00,1.8,3587228.00,12.91
BUO,7/12/2018,0,Cyanobacteria,Merismopedia,NA,Cyanobacteria,174480.00,14.02,2726256.00,9.81
BUO,7/12/2018,0,Cyanobacteria,Planktolyngbya,NA,Cyanobacteria,135104.00,10.85,805779.00,2.9
BUO,7/12/2018,0,Cyanobacteria,Planktothrix,NA,Cyanobacteria,305576.00,24.55,1660494.00,5.98
BUO,7/12/2018,0,Cyanobacteria,Pseudanabaena,NA,Cyanobacteria,419107.00,33.67,8743460.00,31.46
BUO,7/12/2018,0,Cyanobacteria,Raphidiopsis,NA,Cyanobacteria,138327.00,11.11,733331.00,2.64
BUO,7/12/2018,5,Cyanobacteria,Aphanizomenon,NA,Cyanobacteria,11003.00,0.56,324073.00,0.64
BUO,7/12/2018,5,Cyanobacteria,Chroococcus,NA,Cyanobacteria,3144.00,0.16,25720.00,0.05
BUO,7/12/2018,5,Cyanobacteria,Cuspidothrix,NA,Cyanobacteria,15195.00,0.78,317000.00,0.63
BUO,7/12/2018,5,Cyanobacteria,Cylindrospermopsis,NA,Cyanobacteria,61828.00,3.17,758742.00,1.5
BUO,7/12/2018,5,Cyanobacteria,Dolichospermum,NA,Cyanobacteria,119569.00,6.12,19148663.00,37.8
BUO,7/12/2018,5,Cyanobacteria,Merismopedia,NA,Cyanobacteria,211263.00,10.82,3300980.00,6.52
BUO,7/12/2018,5,Cyanobacteria,Planktolyngbya,NA,Cyanobacteria,174376.00,8.93,1039997.00,2.05
BUO,7/12/2018,5,Cyanobacteria,Planktothrix,NA,Cyanobacteria,573847.00,29.38,3118267.00,6.16
BUO,7/12/2018,5,Cyanobacteria,Pseudanabaena,NA,Cyanobacteria,642748.00,32.9,13409099.00,26.47
BUO,7/12/2018,5,Cyanobacteria,Raphidiopsis,NA,Cyanobacteria,117368.00,6.01,622220.00,1.23
BUO,7/12/2018,10,Cyanobacteria,Aphanizomenon,NA,Cyanobacteria,7994.00,2.16,235449.00,4.77
BUO,7/12/2018,10,Cyanobacteria,Chroococcus,NA,Cyanobacteria,359.00,0.1,2939.00,0.06
BUO,7/12/2018,10,Cyanobacteria,Cuspidothrix,NA,Cyanobacteria,3054.00,0.83,63712.00,1.29
BUO,7/12/2018,10,Cyanobacteria,Cylindrospermopsis,NA,Cyanobacteria,7904.00,2.14,97001.00,1.97
BUO,7/12/2018,10,Cyanobacteria,Dolichospermum,NA,Cyanobacteria,2515.00,0.68,402776.00,8.17
BUO,7/12/2018,10,Cyanobacteria,Merismopedia,NA,Cyanobacteria,18683.00,5.05,291923.00,5.92
BUO,7/12/2018,10,Cyanobacteria,Planktolyngbya,NA,Cyanobacteria,21018.00,5.68,125357.00,2.54
BUO,7/12/2018,10,Cyanobacteria,Planktothrix,NA,Cyanobacteria,215035.00,58.15,1168496.00,23.69
BUO,7/12/2018,10,Cyanobacteria,Pseudanabaena,NA,Cyanobacteria,78002.00,21.09,1627287.00,32.99
BUO,7/12/2018,10,Cyanobacteria,Raphidiopsis,NA,Cyanobacteria,12827.00,3.47,68000.00,1.38
BUO,8/2/2018,0,Cyanobacteria,Aphanizomenon,NA,Cyanobacteria,11913.00,1.87,979529.00,4.01
BUO,8/2/2018,0,Cyanobacteria,Cylindrospermopsis,NA,Cyanobacteria,15553.00,2.45,190870.00,0.78
BUO,8/2/2018,0,Cyanobacteria,Cuspidothrix,NA,Cyanobacteria,5957.00,0.94,131579.00,0.54
BUO,8/2/2018,0,Cyanobacteria,Dolichospermum,NA,Cyanobacteria,43781.00,6.89,2807282.00,11.49
BUO,8/2/2018,0,Cyanobacteria,Merismopedia,NA,Cyanobacteria,51624.00,8.12,806631.00,3.3
BUO,8/2/2018,0,Cyanobacteria,Planktolyngbya,NA,Cyanobacteria,27533.00,4.33,164210.00,0.67
BUO,8/2/2018,0,Cyanobacteria,Planktothrix,NA,Cyanobacteria,339430.00,53.4,899734.00,3.68
BUO,8/2/2018,0,Cyanobacteria,Pseudanabaena,NA,Cyanobacteria,75699.00,11.91,1857937.00,7.6
BUO,8/2/2018,0,Cyanobacteria,Raphidiopsis,NA,Cyanobacteria,53279.00,8.38,282455.00,1.16
BUO,8/2/2018,5,Cyanobacteria,Cuspidothrix,NA,Cyanobacteria,19701.00,1.9,435184.00,1.76
BUO,8/2/2018,5,Cyanobacteria,Cylindrospermopsis,NA,Cyanobacteria,45396.00,4.37,557097.00,2.25
BUO,8/2/2018,5,Cyanobacteria,Dolichospermum,NA,Cyanobacteria,37809.00,3.64,2424349.00,9.8
BUO,8/2/2018,5,Cyanobacteria,Merismopedia,NA,Cyanobacteria,78280.00,7.54,1223131.00,4.95
BUO,8/2/2018,5,Cyanobacteria,Planktolyngbya,NA,Cyanobacteria,72475.00,6.98,432249.00,1.75
BUO,8/2/2018,5,Cyanobacteria,Planktothrix,NA,Cyanobacteria,553538.00,53.3,1467273.00,5.93
BUO,8/2/2018,5,Cyanobacteria,Pseudanabaena,NA,Cyanobacteria,171399.00,16.5,4206776.00,17.01
BUO,8/2/2018,5,Cyanobacteria,Raphidiopsis,NA,Cyanobacteria,52816.00,5.09,279999.00,1.13
BUO,8/2/2018,10,Cyanobacteria,Aphanizomenon,NA,Cyanobacteria,15342.00,2.86,1261416.00,7.99
BUO,8/2/2018,10,Cyanobacteria,Cuspidothrix,NA,Cyanobacteria,6036.00,1.13,133333.00,0.85
BUO,8/2/2018,10,Cyanobacteria,Cylindrospermopsis,NA,Cyanobacteria,23956.00,4.46,293981.00,1.86
BUO,8/2/2018,10,Cyanobacteria,Dolichospermum,NA,Cyanobacteria,17857.00,3.33,1144981.00,7.26
BUO,8/2/2018,10,Cyanobacteria,Merismopedia,NA,Cyanobacteria,76055.00,14.18,1188353.00,7.53
BUO,8/2/2018,10,Cyanobacteria,Planktolyngbya,NA,Cyanobacteria,14336.00,2.67,85500.00,0.54
BUO,8/2/2018,10,Cyanobacteria,Planktothrix,NA,Cyanobacteria,252723.00,47.1,669898.00,4.25
BUO,8/2/2018,10,Cyanobacteria,Pseudanabaena,NA,Cyanobacteria,79400.00,14.8,1948759.00,12.35
BUO,8/2/2018,10,Cyanobacteria,Raphidiopsis,NA,Cyanobacteria,43661.00,8.14,231466.00,1.47
BUO,6/6/2019,0,Cyanobacteria,Aphanizomenon,NA,Cyanobacteria,9843.00,27.03,543566.00,5.67
BUO,6/6/2019,0,Cyanobacteria,Dolichospermum,NA,Cyanobacteria,5393.00,14.81,253151.00,2.64
BUO,6/6/2019,0,Cyanobacteria,Merismopedia,NA,Cyanobacteria,1497.00,4.11,23391.00,0.24
BUO,6/6/2019,0,Cyanobacteria,Planktothrix,NA,Cyanobacteria,8720.00,23.94,23115.00,0.24
BUO,6/6/2019,0,Cyanobacteria,Pseudanabaena,NA,Cyanobacteria,524.00,1.44,9645.00,0.1
BUO,6/6/2019,5,Cyanobacteria,Aphanizomenon,NA,Cyanobacteria,6853.00,15.86,378471.00,7.24
BUO,6/6/2019,5,Cyanobacteria,Dolichospermum,NA,Cyanobacteria,8752.00,20.26,410832.00,7.85
BUO,6/6/2019,5,Cyanobacteria,Merismopedia,NA,Cyanobacteria,2641.00,6.11,41262.00,0.79
BUO,6/6/2019,5,Cyanobacteria,Microcystis,NA,Cyanobacteria,8237.00,19.06,227430.00,4.35
BUO,6/6/2019,5,Cyanobacteria,Planktothrix,NA,Cyanobacteria,9117.00,21.1,24167.00,0.46
BUO,6/6/2019,10,Cyanobacteria,Aphanizomenon,NA,Cyanobacteria,12066.00,24.3,666317.00,9.7
BUO,6/6/2019,10,Cyanobacteria,Dolichospermum,NA,Cyanobacteria,5546.00,11.17,260312.00,3.79
BUO,6/6/2019,10,Cyanobacteria,Microcystis,NA,Cyanobacteria,472.00,0.95,13021.00,0.19
BUO,6/6/2019,10,Cyanobacteria,Planktothrix,NA,Cyanobacteria,20557.00,41.41,54491.00,0.79
BUO,6/6/2019,10,Cyanobacteria,Pseudanabaena,NA,Cyanobacteria,1635.00,3.29,30092.00,0.44
BUO,7/2/2019,0,Cyanobacteria,Aphanizomenon,NA,Cyanobacteria,5850.00,2.65,129219.00,1.45
BUO,7/2/2019,0,Cyanobacteria,Aphanocapsa,NA,Cyanobacteria,1114.00,0.5,9116.00,0.1
BUO,7/2/2019,0,Cyanobacteria,Aphanothece,NA,Cyanobacteria,29488.00,13.34,102530.00,1.15
BUO,7/2/2019,0,Cyanobacteria,Chroococcus,NA,Cyanobacteria,159.00,0.07,1302.00,0.01
BUO,7/2/2019,0,Cyanobacteria,Cuspidothrix,NA,Cyanobacteria,756.00,0.34,22269.00,0.25
BUO,7/2/2019,0,Cyanobacteria,Dolichospermum,NA,Cyanobacteria,7712.00,3.49,764245.00,8.59
BUO,7/2/2019,0,Cyanobacteria,Limnothrix,NA,Cyanobacteria,4855.00,2.2,12869.00,0.14
BUO,7/2/2019,0,Cyanobacteria,Merismopedia,NA,Cyanobacteria,637.00,0.29,9949.00,0.11
BUO,7/2/2019,0,Cyanobacteria,Microcystis,NA,Cyanobacteria,4457.00,2.02,173204.00,1.95
BUO,7/2/2019,0,Cyanobacteria,Planktothrix,NA,Cyanobacteria,144957.00,65.57,806902.00,9.07
BUO,7/2/2019,0,Cyanobacteria,Pseudanabaena,NA,Cyanobacteria,16037.00,7.25,334573.00,3.76
BUO,7/2/2019,5,Cyanobacteria,Aphanizomenon,NA,Cyanobacteria,7803.00,4.49,172370.00,1.4
BUO,7/2/2019,5,Cyanobacteria,Aphanocapsa,NA,Cyanobacteria,1796.00,1.03,14697.00,0.12
BUO,7/2/2019,5,Cyanobacteria,Aphanothece,NA,Cyanobacteria,6288.00,3.62,21862.00,0.18
BUO,7/2/2019,5,Cyanobacteria,Cuspidothrix,NA,Cyanobacteria,281.00,0.16,8267.00,0.07
BUO,7/2/2019,5,Cyanobacteria,Dolichospermum,NA,Cyanobacteria,16426.00,9.46,1627768.00,13.27
BUO,7/2/2019,5,Cyanobacteria,Limnothrix,NA,Cyanobacteria,2414.00,1.39,6399.00,0.05
BUO,7/2/2019,5,Cyanobacteria,Merismopedia,NA,Cyanobacteria,898.00,0.52,14035.00,0.11
BUO,7/2/2019,5,Cyanobacteria,Microcystis,NA,Cyanobacteria,2526.00,1.45,98173.00,0.8
BUO,7/2/2019,5,Cyanobacteria,Planktothrix,NA,Cyanobacteria,102398.00,58.95,569998.00,4.65
BUO,7/2/2019,5,Cyanobacteria,Pseudanabaena,NA,Cyanobacteria,24561.00,14.14,512392.00,4.18
BUO,7/2/2019,10,Cyanobacteria,Aphanizomenon,NA,Cyanobacteria,3435.00,1.13,75874.00,0.74
BUO,7/2/2019,10,Cyanobacteria,Aphanocapsa,NA,Cyanobacteria,2620.00,0.87,21433.00,0.21
BUO,7/2/2019,10,Cyanobacteria,Aphanothece,NA,Cyanobacteria,3668.00,1.21,12753.00,0.12
BUO,7/2/2019,10,Cyanobacteria,Cuspidothrix,NA,Cyanobacteria,1747.00,0.58,51440.00,0.5
BUO,7/2/2019,10,Cyanobacteria,Dolichospermum,NA,Cyanobacteria,10829.00,3.58,1073063.00,10.44
BUO,7/2/2019,10,Cyanobacteria,Limnothrix,NA,Cyanobacteria,2271.00,0.75,6018.00,0.06
BUO,7/2/2019,10,Cyanobacteria,Merismopedia,NA,Cyanobacteria,233.00,0.08,3639.00,0.04
BUO,7/2/2019,10,Cyanobacteria,Microcystis,NA,Cyanobacteria,1805.00,0.6,70135.00,0.68
BUO,7/2/2019,10,Cyanobacteria,Planktothrix,NA,Cyanobacteria,244185.00,80.65,1359259.00,13.22
BUO,7/2/2019,10,Cyanobacteria,Pseudanabaena,NA,Cyanobacteria,22554.00,7.45,470520.00,4.58
BUO,7/2/2019,10,Cyanobacteria,Raphidiopsis,NA,Cyanobacteria,699.00,0.23,3704.00,0.04
BUO,7/18/2019,0,Cyanobacteria,Aphanizomenon,NA,Cyanobacteria,3430.00,1.42,194654.00,2.2
BUO,7/18/2019,0,Cyanobacteria,Aphanocapsa,NA,Cyanobacteria,7819.00,3.23,63973.00,0.72
BUO,7/18/2019,0,Cyanobacteria,Cuspidothrix,NA,Cyanobacteria,13375.00,5.52,393938.00,4.45
BUO,7/18/2019,0,Cyanobacteria,Cylindrospermopsis,NA,Cyanobacteria,5545.00,2.29,33068.00,0.37
BUO,7/18/2019,0,Cyanobacteria,Dolichospermum,NA,Cyanobacteria,11289.00,4.66,263222.00,2.98
BUO,7/18/2019,0,Cyanobacteria,Microcystis,NA,Cyanobacteria,10495.00,4.33,248989.00,2.81
BUO,7/18/2019,0,Cyanobacteria,Planktothrix,NA,Cyanobacteria,157881.00,65.21,878847.00,9.93
BUO,7/18/2019,0,Cyanobacteria,Pseudanabaena,NA,Cyanobacteria,17902.00,7.39,439392.00,4.97
BUO,7/18/2019,0,Cyanobacteria,Raphidiopsis,NA,Cyanobacteria,8322.00,3.44,44121.00,0.5
BUO,7/18/2019,5,Cyanobacteria,Aphanizomenon,NA,Cyanobacteria,6557.00,3.54,372160.00,4.38
BUO,7/18/2019,5,Cyanobacteria,Aphanocapsa,NA,Cyanobacteria,7545.00,4.07,61728.00,0.73
BUO,7/18/2019,5,Cyanobacteria,Aphanothece,NA,Cyanobacteria,399.00,0.22,6532.00,0.08
BUO,7/18/2019,5,Cyanobacteria,Cuspidothrix,NA,Cyanobacteria,4641.00,2.5,136684.00,1.61
BUO,7/18/2019,5,Cyanobacteria,Cylindrospermopsis,NA,Cyanobacteria,5090.00,2.75,30357.00,0.36
BUO,7/18/2019,5,Cyanobacteria,Dolichospermum,NA,Cyanobacteria,14616.00,7.89,340797.00,4.02
BUO,7/18/2019,5,Cyanobacteria,Microcystis,NA,Cyanobacteria,2320.00,1.25,55053.00,0.65
BUO,7/18/2019,5,Cyanobacteria,Planktothrix,NA,Cyanobacteria,107588.00,58.04,598887.00,7.06
BUO,7/18/2019,5,Cyanobacteria,Pseudanabaena,NA,Cyanobacteria,26348.00,14.21,646676.00,7.62
BUO,7/18/2019,5,Cyanobacteria,Raphidiopsis,NA,Cyanobacteria,5060.00,2.73,26825.00,0.32
BUO,7/18/2019,10,Cyanobacteria,Aphanizomenon,NA,Cyanobacteria,20350.00,9.37,1155011.00,13.43
BUO,7/18/2019,10,Cyanobacteria,Aphanocapsa,NA,Cyanobacteria,10580.00,4.87,86558.00,1.01
BUO,7/18/2019,10,Cyanobacteria,Aphanothece,NA,Cyanobacteria,242.00,0.11,3957.00,0.05
BUO,7/18/2019,10,Cyanobacteria,Cuspidothrix,NA,Cyanobacteria,3748.00,1.73,110398.00,1.28
BUO,7/18/2019,10,Cyanobacteria,Cylindrospermopsis,NA,Cyanobacteria,4897.00,2.25,29207.00,0.34
BUO,7/18/2019,10,Cyanobacteria,Dolichospermum,NA,Cyanobacteria,30180.00,13.89,703701.00,8.18
BUO,7/18/2019,10,Cyanobacteria,Microcystis,NA,Cyanobacteria,3265.00,1.5,77457.00,0.9
BUO,7/18/2019,10,Cyanobacteria,Planktothrix,NA,Cyanobacteria,127154.00,58.53,707805.00,8.23
BUO,7/18/2019,10,Cyanobacteria,Pseudanabaena,NA,Cyanobacteria,8924.00,4.11,219016.00,2.55
BUO,7/18/2019,10,Cyanobacteria,Raphidiopsis,NA,Cyanobacteria,2781.00,1.28,14744.00,0.17
BUO,7/30/2019,0,Cyanobacteria,Aphanizomenon,NA,Cyanobacteria,12575.00,2.81,416665.00,10.48
BUO,7/30/2019,0,Cyanobacteria,Aphanocapsa,NA,Cyanobacteria,16919.00,3.78,138421.00,3.48
BUO,7/30/2019,0,Cyanobacteria,Aphanothece,NA,Cyanobacteria,667.00,0.15,4365.00,0.11
BUO,7/30/2019,0,Cyanobacteria,Cuspidothrix,NA,Cyanobacteria,5430.00,1.21,113285.00,2.85
BUO,7/30/2019,0,Cyanobacteria,Cylindrospermopsis,NA,Cyanobacteria,30180.00,6.74,179999.00,4.53
BUO,7/30/2019,0,Cyanobacteria,Dolichospermum,NA,Cyanobacteria,7431.00,1.66,289526.00,7.29
BUO,7/30/2019,0,Cyanobacteria,Merismopedia,NA,Cyanobacteria,5335.00,1.19,10420.00,0.26
BUO,7/30/2019,0,Cyanobacteria,Microcystis,NA,Cyanobacteria,6669.00,1.49,132303.00,3.33
BUO,7/30/2019,0,Cyanobacteria,Planktothrix,NA,Cyanobacteria,299689.00,66.89,1668222.00,41.98
BUO,7/30/2019,0,Cyanobacteria,Pseudanabaena,NA,Cyanobacteria,11270.00,2.52,193625.00,4.87
BUO,7/30/2019,0,Cyanobacteria,Raphidiopsis,NA,Cyanobacteria,48233.00,10.77,255706.00,6.43
BUO,7/30/2019,5,Cyanobacteria,Aphanizomenon,NA,Cyanobacteria,4558.00,1.23,151041.00,4.76
BUO,7/30/2019,5,Cyanobacteria,Aphanocapsa,NA,Cyanobacteria,15719.00,4.24,128600.00,4.05
BUO,7/30/2019,5,Cyanobacteria,Aphanothece,NA,Cyanobacteria,2358.00,0.64,15432.00,0.49
BUO,7/30/2019,5,Cyanobacteria,Cuspidothrix,NA,Cyanobacteria,6523.00,1.76,136091.00,4.29
BUO,7/30/2019,5,Cyanobacteria,Cylindrospermopsis,NA,Cyanobacteria,47157.00,12.71,281249.00,8.87
BUO,7/30/2019,5,Cyanobacteria,Dolichospermum,NA,Cyanobacteria,707.00,0.19,27561.00,0.87
BUO,7/30/2019,5,Cyanobacteria,Merismopedia,NA,Cyanobacteria,6916.00,1.86,13508.00,0.43
BUO,7/30/2019,5,Cyanobacteria,Microcystis,NA,Cyanobacteria,5282.00,1.42,104784.00,3.3
BUO,7/30/2019,5,Cyanobacteria,Planktothrix,NA,Cyanobacteria,242512.00,65.35,1349945.00,42.56
BUO,7/30/2019,5,Cyanobacteria,Pseudanabaena,NA,Cyanobacteria,13833.00,3.73,237654.00,7.49
BUO,7/30/2019,5,Cyanobacteria,Raphidiopsis,NA,Cyanobacteria,22478.00,6.06,119166.00,3.76
BUO,7/30/2019,10,Cyanobacteria,Aphanizomenon,NA,Cyanobacteria,16473.00,3.35,545832.00,9.27
BUO,7/30/2019,10,Cyanobacteria,Aphanocapsa,NA,Cyanobacteria,26408.00,5.36,216049.00,3.67
BUO,7/30/2019,10,Cyanobacteria,Aphanothece,NA,Cyanobacteria,2264.00,0.46,14815.00,0.25
BUO,7/30/2019,10,Cyanobacteria,Cuspidothrix,NA,Cyanobacteria,2767.00,0.56,57716.00,0.98
BUO,7/30/2019,10,Cyanobacteria,Cylindrospermopsis,NA,Cyanobacteria,43988.00,8.94,262349.00,4.46
BUO,7/30/2019,10,Cyanobacteria,Dolichospermum,NA,Cyanobacteria,27162.00,5.52,1058330.00,17.98
BUO,7/30/2019,10,Cyanobacteria,Merismopedia,NA,Cyanobacteria,14084.00,2.86,27508.00,0.47
BUO,7/30/2019,10,Cyanobacteria,Microcystis,NA,Cyanobacteria,9934.00,2.02,197093.00,3.35
BUO,7/30/2019,10,Cyanobacteria,Planktothrix,NA,Cyanobacteria,260708.00,52.96,1451235.00,24.66
BUO,7/30/2019,10,Cyanobacteria,Pseudanabaena,NA,Cyanobacteria,42051.00,8.54,722467.00,12.27
BUO,7/30/2019,10,Cyanobacteria,Raphidiopsis,NA,Cyanobacteria,39385.00,8,208799.00,3.55
BUO,7/30/2019,10,Cyanobacteria,Romeria,NA,Cyanobacteria,755.00,0.15,18518.00,0.31
BUO,8/13/2019,0,Cyanobacteria,Aphanocapsa,NA,Cyanobacteria,30180.00,5.38,160493.00,3.15
BUO,8/13/2019,0,Cyanobacteria,Cuspidothrix,NA,Cyanobacteria,17920.00,3.2,351851.00,6.9
BUO,8/13/2019,0,Cyanobacteria,Cylindrospermopsis,NA,Cyanobacteria,106386.00,18.98,845997.00,16.6
BUO,8/13/2019,0,Cyanobacteria,Dolichospermum,NA,Cyanobacteria,314.00,0.06,17458.00,0.34
BUO,8/13/2019,0,Cyanobacteria,Merismopedia,NA,Cyanobacteria,22635.00,4.04,167996.00,3.3
BUO,8/13/2019,0,Cyanobacteria,Microcystis,NA,Cyanobacteria,1100.00,0.2,17554.00,0.34
BUO,8/13/2019,0,Cyanobacteria,Planktothrix,NA,Cyanobacteria,268983.00,47.99,712998.00,13.99
BUO,8/13/2019,0,Cyanobacteria,Pseudanabaena,NA,Cyanobacteria,91924.00,16.4,1917741.00,37.63
BUO,8/13/2019,0,Cyanobacteria,Raphidiopsis,NA,Cyanobacteria,18674.00,3.33,99000.00,1.94
BUO,8/13/2019,5,Cyanobacteria,Aphanizomenon,NA,Cyanobacteria,5449.00,0.95,275848.00,4.15
BUO,8/13/2019,5,Cyanobacteria,Aphanocapsa,NA,Cyanobacteria,30600.00,5.35,162722.00,2.45
BUO,8/13/2019,5,Cyanobacteria,Chroococcus,NA,Cyanobacteria,838.00,0.15,6859.00,0.1
BUO,8/13/2019,5,Cyanobacteria,Cylindrospermopsis,NA,Cyanobacteria,168423.00,29.43,1339329.00,20.15
BUO,8/13/2019,5,Cyanobacteria,Dolichospermum,NA,Cyanobacteria,3773.00,0.66,209490.00,3.15
BUO,8/13/2019,5,Cyanobacteria,Merismopedia,NA,Cyanobacteria,15509.00,2.71,115109.00,1.73
BUO,8/13/2019,5,Cyanobacteria,Microcystis,NA,Cyanobacteria,1048.00,0.18,16718.00,0.25
BUO,8/13/2019,5,Cyanobacteria,Planktothrix,NA,Cyanobacteria,151698.00,26.51,402110.00,6.05
BUO,8/13/2019,5,Cyanobacteria,Pseudanabaena,NA,Cyanobacteria,138327.00,24.17,2885793.00,43.42
BUO,8/13/2019,5,Cyanobacteria,Raphidiopsis,NA,Cyanobacteria,52627.00,9.2,278999.00,4.2
BUO,8/13/2019,10,Cyanobacteria,Aphanocapsa,NA,Cyanobacteria,1834.00,0.25,9752.00,0.1
BUO,8/13/2019,10,Cyanobacteria,Cuspidothrix,NA,Cyanobacteria,3668.00,0.5,72016.00,0.77
BUO,8/13/2019,10,Cyanobacteria,Cylindrospermopsis,NA,Cyanobacteria,252708.00,34.14,2009577.00,21.55
BUO,8/13/2019,10,Cyanobacteria,Dolichospermum,NA,Cyanobacteria,2620.00,0.35,145479.00,1.56
BUO,8/13/2019,10,Cyanobacteria,Merismopedia,NA,Cyanobacteria,42965.00,5.8,318882.00,3.42
BUO,8/13/2019,10,Cyanobacteria,Planktothrix,NA,Cyanobacteria,212520.00,28.71,563331.00,6.04
BUO,8/13/2019,10,Cyanobacteria,Pseudanabaena,NA,Cyanobacteria,152474.00,20.6,3180931.00,34.11
BUO,8/13/2019,10,Cyanobacteria,Raphidiopsis,NA,Cyanobacteria,62876.00,8.49,333332.00,3.57
BUO,9/5/2019,0, Cyanobacteria ,Aphanocapsa,NA,Cyanobacteria,38714.00,13.51,316727.00,6.86
BUO,9/5/2019,0, Cyanobacteria ,Cylindrospermopsis,NA,Cyanobacteria,66460.00,23.19,396378.00,8.59
BUO,9/5/2019,0, Cyanobacteria ,Merismopedia,NA,Cyanobacteria,33002.00,11.52,515655.00,11.18
BUO,9/5/2019,0, Cyanobacteria ,Planktothrix,NA,Cyanobacteria,74310.00,25.93,787900.00,17.08
BUO,9/5/2019,0, Cyanobacteria ,Pseudanabaena,NA,Cyanobacteria,68943.00,24.06,1692124.00,36.67
BUO,9/5/2019,0, Cyanobacteria ,Raphidiopsis,NA,Cyanobacteria,1781.00,0.62,9444.00,0.2
BUO,9/5/2019,5, Cyanobacteria ,Aphanizomenon,NA,Cyanobacteria,6779.00,3.14,166377.00,2.86
BUO,9/5/2019,5, Cyanobacteria ,Aphanocapsa,NA,Cyanobacteria,35073.00,16.24,286940.00,4.93
BUO,9/5/2019,5, Cyanobacteria ,Cylindrospermopsis,NA,Cyanobacteria,59899.00,27.74,357245.00,6.13
BUO,9/5/2019,5, Cyanobacteria ,Dolichospermum,NA,Cyanobacteria,5600.00,2.59,374529.00,6.43
BUO,9/5/2019,5, Cyanobacteria ,Merismopedia,NA,Cyanobacteria,26801.00,12.41,418763.00,7.19
BUO,9/5/2019,5, Cyanobacteria ,Planktothrix,NA,Cyanobacteria,33010.00,15.29,349999.00,6.01
BUO,9/5/2019,5, Cyanobacteria ,Pseudanabaena,NA,Cyanobacteria,41999.00,19.45,1030813.00,17.69
BUO,9/5/2019,5, Cyanobacteria ,Raphidiopsis,NA,Cyanobacteria,589.00,0.27,3125.00,0.05
BUO,9/5/2019,10, Cyanobacteria ,Aphanizomenon,NA,Cyanobacteria,164.00,0.19,4019.00,0.32
BUO,9/5/2019,10, Cyanobacteria ,Aphanocapsa,NA,Cyanobacteria,24623.00,28.29,201447.00,15.84
BUO,9/5/2019,10, Cyanobacteria ,Cylindrospermopsis,NA,Cyanobacteria,18863.00,21.67,112500.00,8.84
BUO,9/5/2019,10, Cyanobacteria ,Dolichospermum,NA,Cyanobacteria,393.00,0.45,26283.00,2.07
BUO,9/5/2019,10, Cyanobacteria ,Merismopedia,NA,Cyanobacteria,8907.00,10.23,139178.00,10.94
BUO,9/5/2019,10, Cyanobacteria ,Planktothrix,NA,Cyanobacteria,22819.00,26.22,241944.00,19.02
BUO,9/5/2019,10, Cyanobacteria ,Pseudanabaena,NA,Cyanobacteria,9726.00,11.18,238714.00,18.76
BUO,9/5/2019,10, Cyanobacteria ,Raphidiopsis,NA,Cyanobacteria,327.00,0.38,1736.00,0.14
