Date,depth_ft,Value,Analyte,Unit
5/6/2015,0,150,TP,ugL
5/6/2015,0,1410,TN,ugL
5/13/2015,0,115,TP,ugL
5/13/2015,0,1050,TN,ugL
5/14/2015,0,115,TP,ugL
5/14/2015,0,1050,TN,ugL
5/14/2015,0,13.89,CHLA,ugL
5/14/2015,5,135,TP,ugL
5/14/2015,5,959,TN,ugL
5/14/2015,5,13.93,CHLA,ugL
5/14/2015,10,129,TP,ugL
5/14/2015,10,980,TN,ugL
5/14/2015,10,13.01,CHLA,ugL
5/14/2015,20,157,TP,ugL
5/14/2015,20,1170,TN,ugL
5/14/2015,20,3.65,CHLA,ugL
5/14/2015,49,170,TP,ugL
5/14/2015,49,1270,TN,ugL
5/20/2015,0,78,TP,ugL
5/20/2015,0,1040,TN,ugL
5/26/2015,0,86,TP,ugL
5/26/2015,0,945,TN,ugL
5/26/2015,0,4.92,CHL_InsituProbeR,RFU
5/26/2015,0,15.04,Phycocyanin_InsituProbeR,RFU
5/26/2015,0,6.29,CHLA,ugL
5/26/2015,5,87,TP,ugL
5/26/2015,5,906,TN,ugL
5/26/2015,5,3.52,CHL_InsituProbeR,RFU
5/26/2015,5,2.71,Phycocyanin_InsituProbeR,RFU
5/26/2015,5,18.3,CHLA,ugL
5/26/2015,10,80,TP,ugL
5/26/2015,10,906,TN,ugL
5/26/2015,10,2.33,CHL_InsituProbeR,RFU
5/26/2015,10,1.26,Phycocyanin_InsituProbeR,RFU
5/26/2015,10,2.43,CHLA,ugL
5/26/2015,15,1.57,CHL_InsituProbeR,RFU
5/26/2015,15,0.43,Phycocyanin_InsituProbeR,RFU
5/26/2015,20,144,TP,ugL
5/26/2015,20,1220,TN,ugL
5/26/2015,20,1.53,CHL_InsituProbeR,RFU
5/26/2015,20,0.58,Phycocyanin_InsituProbeR,RFU
5/26/2015,20,1.49,CHLA,ugL
5/26/2015,25,1.21,CHL_InsituProbeR,RFU
5/26/2015,25,0.28,Phycocyanin_InsituProbeR,RFU
5/26/2015,30,1.02,CHL_InsituProbeR,RFU
5/26/2015,30,0.27,Phycocyanin_InsituProbeR,RFU
5/26/2015,35,0.82,CHL_InsituProbeR,RFU
5/26/2015,35,0.27,Phycocyanin_InsituProbeR,RFU
5/26/2015,40,0.82,CHL_InsituProbeR,RFU
5/26/2015,40,0.28,Phycocyanin_InsituProbeR,RFU
5/26/2015,45,0.81,CHL_InsituProbeR,RFU
5/26/2015,45,0.29,Phycocyanin_InsituProbeR,RFU
5/26/2015,49,193,TP,ugL
5/26/2015,49,1210,TN,ugL
5/26/2015,49,0.8,CHL_InsituProbeR,RFU
5/26/2015,49,0.3,Phycocyanin_InsituProbeR,RFU
5/27/2015,0,124,TP,ugL
5/27/2015,0,1170,TN,ugL
6/3/2015,0,103,TP,ugL
6/3/2015,0,1330,TN,ugL
6/5/2015,0,67,TP,ugL
6/5/2015,0,1370,TN,ugL
6/6/2015,0,61,TP,ugL
6/6/2015,0,1180,TN,ugL
6/7/2015,0,63,TP,ugL
6/7/2015,0,1320,TN,ugL
6/8/2015,0,59,TP,ugL
6/8/2015,0,1470,TN,ugL
6/9/2015,0,59,TP,ugL
6/9/2015,0,1430,TN,ugL
6/9/2015,0,90,TP,ugL
6/9/2015,0,1370,TN,ugL
6/9/2015,0,2.76,CHL_InsituProbeR,RFU
6/9/2015,0,9.9,Phycocyanin_InsituProbeR,RFU
6/9/2015,0,11.73,CHLA,ugL
6/9/2015,5,82,TP,ugL
6/9/2015,5,1310,TN,ugL
6/9/2015,5,11.87,CHLA,ugL
6/9/2015,5,2.96,CHL_InsituProbeR,RFU
6/9/2015,5,11.01,Phycocyanin_InsituProbeR,RFU
6/9/2015,10,73,TP,ugL
6/9/2015,10,1090,TN,ugL
6/9/2015,10,1.37,CHL_InsituProbeR,RFU
6/9/2015,10,6.67,Phycocyanin_InsituProbeR,RFU
6/9/2015,10,7.45,CHLA,ugL
6/9/2015,15,0.75,CHL_InsituProbeR,RFU
6/9/2015,15,0.55,Phycocyanin_InsituProbeR,RFU
6/9/2015,20,111,TP,ugL
6/9/2015,20,997,TN,ugL
6/9/2015,20,0.78,CHL_InsituProbeR,RFU
6/9/2015,20,0.25,Phycocyanin_InsituProbeR,RFU
6/9/2015,20,6.88,CHLA,ugL
6/9/2015,25,0.88,CHL_InsituProbeR,RFU
6/9/2015,25,0.25,Phycocyanin_InsituProbeR,RFU
6/9/2015,30,0.87,CHL_InsituProbeR,RFU
6/9/2015,30,0.23,Phycocyanin_InsituProbeR,RFU
6/9/2015,35,0.92,CHL_InsituProbeR,RFU
6/9/2015,35,0.22,Phycocyanin_InsituProbeR,RFU
6/9/2015,40,0.9,CHL_InsituProbeR,RFU
6/9/2015,40,0.22,Phycocyanin_InsituProbeR,RFU
6/9/2015,45,0.89,CHL_InsituProbeR,RFU
6/9/2015,45,0.22,Phycocyanin_InsituProbeR,RFU
6/9/2015,49,217,TP,ugL
6/9/2015,49,1220,TN,ugL
6/9/2015,49,0.86,CHL_InsituProbeR,RFU
6/9/2015,49,0.23,Phycocyanin_InsituProbeR,RFU
6/10/2015,0,72,TP,ugL
6/10/2015,0,1710,TN,ugL
6/11/2015,0,53,TP,ugL
6/11/2015,0,1690,TN,ugL
6/12/2015,0,60,TP,ugL
6/12/2015,0,1930,TN,ugL
6/13/2015,0,56,TP,ugL
6/13/2015,0,2050,TN,ugL
6/14/2015,0,52,TP,ugL
6/14/2015,0,2180,TN,ugL
6/15/2015,0,46,TP,ugL
6/15/2015,0,1830,TN,ugL
6/16/2015,0,38,TP,ugL
6/16/2015,0,1760,TN,ugL
6/18/2015,0,48,TP,ugL
6/18/2015,0,1510,TN,ugL
6/19/2015,0,44,TP,ugL
6/19/2015,0,1600,TN,ugL
6/20/2015,0,39,TP,ugL
6/20/2015,0,1330,TN,ugL
6/21/2015,0,39,TP,ugL
6/21/2015,0,1400,TN,ugL
6/22/2015,0,39,TP,ugL
6/22/2015,0,1360,TN,ugL
6/23/2015,0,60,TP,ugL
6/23/2015,0,1165,TN,ugL
6/23/2015,0,4.94,CHL_InsituProbeR,RFU
6/23/2015,0,5.23,Phycocyanin_InsituProbeR,RFU
6/23/2015,0,40.03,CHLA,ugL
6/23/2015,5,55,TP,ugL
6/23/2015,5,1090,TN,ugL
6/23/2015,5,3.62,CHL_InsituProbeR,RFU
6/23/2015,5,5.23,Phycocyanin_InsituProbeR,RFU
6/23/2015,5,29.32,CHLA,ugL
6/23/2015,10,57,TP,ugL
6/23/2015,10,991,TN,ugL
6/23/2015,10,1.69,CHL_InsituProbeR,RFU
6/23/2015,10,4.93,Phycocyanin_InsituProbeR,RFU
6/23/2015,10,34.66,CHLA,ugL
6/23/2015,15,1.29,CHL_InsituProbeR,RFU
6/23/2015,15,1.41,Phycocyanin_InsituProbeR,RFU
6/23/2015,20,189,TP,ugL
6/23/2015,20,2040,TN,ugL
6/23/2015,20,1.14,CHL_InsituProbeR,RFU
6/23/2015,20,0.54,Phycocyanin_InsituProbeR,RFU
6/23/2015,20,2.58,CHLA,ugL
6/23/2015,25,1.14,CHL_InsituProbeR,RFU
6/23/2015,25,0.42,Phycocyanin_InsituProbeR,RFU
6/23/2015,30,1.03,CHL_InsituProbeR,RFU
6/23/2015,30,0.36,Phycocyanin_InsituProbeR,RFU
6/23/2015,35,1.04,CHL_InsituProbeR,RFU
6/23/2015,35,0.36,Phycocyanin_InsituProbeR,RFU
6/23/2015,40,1.07,CHL_InsituProbeR,RFU
6/23/2015,40,0.35,Phycocyanin_InsituProbeR,RFU
6/23/2015,45,1.09,CHL_InsituProbeR,RFU
6/23/2015,45,0.33,Phycocyanin_InsituProbeR,RFU
6/23/2015,50,1.07,CHL_InsituProbeR,RFU
6/23/2015,50,0.35,Phycocyanin_InsituProbeR,RFU
6/23/2015,52,189,TP,ugL
6/23/2015,52,1140,TN,ugL
6/23/2015,52,1.06,CHL_InsituProbeR,RFU
6/23/2015,52,0.35,Phycocyanin_InsituProbeR,RFU
6/24/2015,0,56,TP,ugL
6/24/2015,0,1210,TN,ugL
6/25/2015,0,92,TP,ugL
6/25/2015,0,1460,TN,ugL
6/26/2015,0,105,TP,ugL
6/26/2015,0,1760,TN,ugL
6/30/2015,0,109,TP,ugL
6/30/2015,0,1960,TN,ugL
6/30/2015,0,136,TP,ugL
6/30/2015,0,1580,TN,ugL
6/30/2015,0,5.05,CHL_InsituProbeR,RFU
6/30/2015,0,5.96,Phycocyanin_InsituProbeR,RFU
6/30/2015,0,14.57,CHLA,ugL
6/30/2015,5,137,TP,ugL
6/30/2015,5,1610,TN,ugL
6/30/2015,5,5.02,CHL_InsituProbeR,RFU
6/30/2015,5,5.91,Phycocyanin_InsituProbeR,RFU
6/30/2015,5,12.54,CHLA,ugL
6/30/2015,10,120,TP,ugL
6/30/2015,10,1590,TN,ugL
6/30/2015,10,1.98,CHL_InsituProbeR,RFU
6/30/2015,10,4.68,Phycocyanin_InsituProbeR,RFU
6/30/2015,10,2.42,CHLA,ugL
6/30/2015,15,1.73,CHL_InsituProbeR,RFU
6/30/2015,15,4.61,Phycocyanin_InsituProbeR,RFU
6/30/2015,20,176,TP,ugL
6/30/2015,20,2060,TN,ugL
6/30/2015,20,1.14,CHL_InsituProbeR,RFU
6/30/2015,20,1.31,Phycocyanin_InsituProbeR,RFU
6/30/2015,20,4.63,CHLA,ugL
6/30/2015,25,1.15,CHL_InsituProbeR,RFU
6/30/2015,25,0.58,Phycocyanin_InsituProbeR,RFU
6/30/2015,30,1.12,CHL_InsituProbeR,RFU
6/30/2015,30,0.42,Phycocyanin_InsituProbeR,RFU
6/30/2015,35,1.09,CHL_InsituProbeR,RFU
6/30/2015,35,0.36,Phycocyanin_InsituProbeR,RFU
6/30/2015,40,1.1,CHL_InsituProbeR,RFU
6/30/2015,40,0.37,Phycocyanin_InsituProbeR,RFU
6/30/2015,45,1.12,CHL_InsituProbeR,RFU
6/30/2015,45,0.34,Phycocyanin_InsituProbeR,RFU
6/30/2015,50,224,TP,ugL
6/30/2015,50,1110,TN,ugL
6/30/2015,50,1.11,CHL_InsituProbeR,RFU
6/30/2015,50,0.37,Phycocyanin_InsituProbeR,RFU
7/1/2015,0,104,TP,ugL
7/1/2015,0,1870,TN,ugL
7/6/2015,0,97,TP,ugL
7/6/2015,0,2320,TN,ugL
7/15/2015,0,1450,TN,ugL
7/17/2015,0,108,TP,ugL
7/17/2015,0,1480,TN,ugL
7/20/2015,0,93,TP,ugL
7/20/2015,0,1280,TN,ugL
7/21/2015,0,96,TP,ugL
7/21/2015,0,1330,TN,ugL
7/21/2015,0,4.39,CHL_InsituProbeR,RFU
7/21/2015,0,8.52,Phycocyanin_InsituProbeR,RFU
7/21/2015,0,40.19,CHLA,ugL
7/21/2015,5,102,TP,ugL
7/21/2015,5,1260,TN,ugL
7/21/2015,5,2.29,CHL_InsituProbeR,RFU
7/21/2015,5,7.62,Phycocyanin_InsituProbeR,RFU
7/21/2015,5,28.48,CHLA,ugL
7/21/2015,10,1240,TN,ugL
7/21/2015,10,1.58,CHL_InsituProbeR,RFU
7/21/2015,10,3.43,Phycocyanin_InsituProbeR,RFU
7/21/2015,10,11.71,CHLA,ugL
7/21/2015,15,1.38,CHL_InsituProbeR,RFU
7/21/2015,15,2.28,Phycocyanin_InsituProbeR,RFU
7/21/2015,20,1310,TN,ugL
7/21/2015,20,1.35,CHL_InsituProbeR,RFU
7/21/2015,20,0.97,Phycocyanin_InsituProbeR,RFU
7/21/2015,20,0.79,CHLA,ugL
7/21/2015,25,1.35,CHL_InsituProbeR,RFU
7/21/2015,25,0.85,Phycocyanin_InsituProbeR,RFU
7/21/2015,30,1.34,CHL_InsituProbeR,RFU
7/21/2015,30,0.71,Phycocyanin_InsituProbeR,RFU
7/21/2015,35,1.31,CHL_InsituProbeR,RFU
7/21/2015,35,0.66,Phycocyanin_InsituProbeR,RFU
7/21/2015,40,1.33,CHL_InsituProbeR,RFU
7/21/2015,40,0.62,Phycocyanin_InsituProbeR,RFU
7/21/2015,45,1.32,CHL_InsituProbeR,RFU
7/21/2015,45,0.54,Phycocyanin_InsituProbeR,RFU
7/21/2015,50,1.29,CHL_InsituProbeR,RFU
7/21/2015,50,0.51,Phycocyanin_InsituProbeR,RFU
7/21/2015,55,1560,TN,ugL
7/21/2015,55,1.22,CHL_InsituProbeR,RFU
7/21/2015,55,0.49,Phycocyanin_InsituProbeR,RFU
7/22/2015,0,80,TP,ugL
7/22/2015,0,815,TN,ugL
7/24/2015,0,89,TP,ugL
7/24/2015,0,848,TN,ugL
7/29/2015,0,66,TP,ugL
7/29/2015,0,1310,TN,ugL
7/31/2015,0,68,TP,ugL
7/31/2015,0,1310,TN,ugL
8/3/2015,0,63,TP,ugL
8/3/2015,0,1070,TN,ugL
8/5/2015,0,76,TP,ugL
8/5/2015,0,967,TN,ugL
8/12/2015,0,69,TP,ugL
8/12/2015,0,851,TN,ugL
8/12/2015,0,2.52,CHL_InsituProbeR,RFU
8/12/2015,0,2.78,Phycocyanin_InsituProbeR,RFU
8/12/2015,0,17.72,CHLA,ugL
8/12/2015,5,70,TP,ugL
8/12/2015,5,892,TN,ugL
8/12/2015,5,2.72,CHL_InsituProbeR,RFU
8/12/2015,5,3.05,Phycocyanin_InsituProbeR,RFU
8/12/2015,5,19.99,CHLA,ugL
8/12/2015,10,80,TP,ugL
8/12/2015,10,851,TN,ugL
8/12/2015,10,2.48,CHL_InsituProbeR,RFU
8/12/2015,10,2.87,Phycocyanin_InsituProbeR,RFU
8/12/2015,10,12.45,CHLA,ugL
8/12/2015,15,1.85,CHL_InsituProbeR,RFU
8/12/2015,15,2.25,Phycocyanin_InsituProbeR,RFU
8/12/2015,20,133,TP,ugL
8/12/2015,20,867,TN,ugL
8/12/2015,20,1.31,CHL_InsituProbeR,RFU
8/12/2015,20,0.8,Phycocyanin_InsituProbeR,RFU
8/12/2015,20,8.17,CHLA,ugL
8/12/2015,25,1.2,CHL_InsituProbeR,RFU
8/12/2015,25,0.43,Phycocyanin_InsituProbeR,RFU
8/12/2015,30,1.19,CHL_InsituProbeR,RFU
8/12/2015,30,0.22,Phycocyanin_InsituProbeR,RFU
8/12/2015,35,1.2,CHL_InsituProbeR,RFU
8/12/2015,35,0.19,Phycocyanin_InsituProbeR,RFU
8/12/2015,40,1.19,CHL_InsituProbeR,RFU
8/12/2015,40,0.17,Phycocyanin_InsituProbeR,RFU
8/12/2015,45,1.2,CHL_InsituProbeR,RFU
8/12/2015,45,0.18,Phycocyanin_InsituProbeR,RFU
8/12/2015,49,237,TP,ugL
8/12/2015,49,985,TN,ugL
8/12/2015,49,1.18,CHL_InsituProbeR,RFU
8/12/2015,49,0.19,Phycocyanin_InsituProbeR,RFU
8/21/2015,0,53,TP,ugL
8/21/2015,0,845,TN,ugL
8/26/2015,0,60,TP,ugL
8/26/2015,0,738,TN,ugL
9/1/2015,0,82,TP,ugL
9/1/2015,0,905,TN,ugL
9/1/2015,0,5.89,CHL_InsituProbeR,RFU
9/1/2015,0,2.55,Phycocyanin_InsituProbeR,RFU
9/1/2015,0,16.64,CHLA,ugL
9/1/2015,5,76,TP,ugL
9/1/2015,5,897,TN,ugL
9/1/2015,5,6.4,CHL_InsituProbeR,RFU
9/1/2015,5,2.45,Phycocyanin_InsituProbeR,RFU
9/1/2015,5,12.29,CHLA,ugL
9/1/2015,10,81,TP,ugL
9/1/2015,10,706,TN,ugL
9/1/2015,10,4.07,CHL_InsituProbeR,RFU
9/1/2015,10,2.42,Phycocyanin_InsituProbeR,RFU
9/1/2015,10,7.16,CHLA,ugL
9/1/2015,15,2.68,CHL_InsituProbeR,RFU
9/1/2015,15,1.72,Phycocyanin_InsituProbeR,RFU
9/1/2015,20,68,TP,ugL
9/1/2015,20,656,TN,ugL
9/1/2015,20,1.66,CHL_InsituProbeR,RFU
9/1/2015,20,0.78,Phycocyanin_InsituProbeR,RFU
9/1/2015,20,4.18,CHLA,ugL
9/1/2015,25,1.42,CHL_InsituProbeR,RFU
9/1/2015,25,0.78,Phycocyanin_InsituProbeR,RFU
9/1/2015,30,1.41,CHL_InsituProbeR,RFU
9/1/2015,30,0.7,Phycocyanin_InsituProbeR,RFU
9/1/2015,35,1.3,CHL_InsituProbeR,RFU
9/1/2015,35,0.34,Phycocyanin_InsituProbeR,RFU
9/1/2015,40,1.21,CHL_InsituProbeR,RFU
9/1/2015,40,0.25,Phycocyanin_InsituProbeR,RFU
9/1/2015,45,1.25,CHL_InsituProbeR,RFU
9/1/2015,45,0.3,Phycocyanin_InsituProbeR,RFU
9/1/2015,49,333,TP,ugL
9/1/2015,49,1190,TN,ugL
9/1/2015,49,1.22,CHL_InsituProbeR,RFU
9/1/2015,49,0.26,Phycocyanin_InsituProbeR,RFU
9/2/2015,0,76,TP,ugL
9/2/2015,0,962,TN,ugL
9/9/2015,0,33,TP,ugL
9/9/2015,0,887,TN,ugL
9/16/2015,0,88,TP,ugL
9/16/2015,0,757,TN,ugL
9/21/2015,0,90,TP,ugL
9/21/2015,0,694,TN,ugL
9/22/2015,0,102,TP,ugL
9/22/2015,0,669,TN,ugL
9/22/2015,0,1.84,CHL_InsituProbeR,RFU
9/22/2015,0,0.92,Phycocyanin_InsituProbeR,RFU
9/22/2015,0,12.75,CHLA,ugL
9/22/2015,5,107,TP,ugL
9/22/2015,5,685,TN,ugL
9/22/2015,5,2.14,CHL_InsituProbeR,RFU
9/22/2015,5,1.03,Phycocyanin_InsituProbeR,RFU
9/22/2015,5,10.02,CHLA,ugL
9/22/2015,10,112,TP,ugL
9/22/2015,10,711,TN,ugL
9/22/2015,10,2.15,CHL_InsituProbeR,RFU
9/22/2015,10,0.99,Phycocyanin_InsituProbeR,RFU
9/22/2015,10,2.93,CHLA,ugL
9/22/2015,15,2.14,CHL_InsituProbeR,RFU
9/22/2015,15,0.95,Phycocyanin_InsituProbeR,RFU
9/22/2015,20,121,TP,ugL
9/22/2015,20,688,TN,ugL
9/22/2015,20,2.38,CHL_InsituProbeR,RFU
9/22/2015,20,0.98,Phycocyanin_InsituProbeR,RFU
9/22/2015,20,0.66,CHLA,ugL
9/22/2015,25,2.24,CHL_InsituProbeR,RFU
9/22/2015,25,0.96,Phycocyanin_InsituProbeR,RFU
9/22/2015,30,2.06,CHL_InsituProbeR,RFU
9/22/2015,30,0.95,Phycocyanin_InsituProbeR,RFU
9/22/2015,35,2.02,CHL_InsituProbeR,RFU
9/22/2015,35,0.96,Phycocyanin_InsituProbeR,RFU
9/22/2015,40,1.98,CHL_InsituProbeR,RFU
9/22/2015,40,0.98,Phycocyanin_InsituProbeR,RFU
9/22/2015,45,1.96,CHL_InsituProbeR,RFU
9/22/2015,45,0.99,Phycocyanin_InsituProbeR,RFU
9/22/2015,47,102,TP,ugL
9/22/2015,47,675,TN,ugL
9/22/2015,47,1.98,CHL_InsituProbeR,RFU
9/22/2015,47,1.1,Phycocyanin_InsituProbeR,RFU
9/23/2015,0,78,TP,ugL
9/23/2015,0,650,TN,ugL
9/30/2015,0,116,TP,ugL
9/30/2015,0,788,TN,ugL
10/13/2015,0,141,TP,ugL
10/13/2015,0,1000,TN,ugL
10/13/2015,0,5.44,CHL_InsituProbeR,RFU
10/13/2015,0,1.24,Phycocyanin_InsituProbeR,RFU
10/13/2015,0,0.48,CHLA,ugL
10/13/2015,5,136,TP,ugL
10/13/2015,5,942,TN,ugL
10/13/2015,5,5.72,CHL_InsituProbeR,RFU
10/13/2015,5,1.28,Phycocyanin_InsituProbeR,RFU
10/13/2015,5,5.53,CHLA,ugL
10/13/2015,10,136,TP,ugL
10/13/2015,10,1000,TN,ugL
10/13/2015,10,6,CHL_InsituProbeR,RFU
10/13/2015,10,1.24,Phycocyanin_InsituProbeR,RFU
10/13/2015,10,5.3,CHLA,ugL
10/13/2015,15,5.67,CHL_InsituProbeR,RFU
10/13/2015,15,1.16,Phycocyanin_InsituProbeR,RFU
10/13/2015,20,141,TP,ugL
10/13/2015,20,957,TN,ugL
10/13/2015,20,5.76,CHL_InsituProbeR,RFU
10/13/2015,20,1.14,Phycocyanin_InsituProbeR,RFU
10/13/2015,20,0.57,CHLA,ugL
10/13/2015,25,5.75,CHL_InsituProbeR,RFU
10/13/2015,25,1.14,Phycocyanin_InsituProbeR,RFU
10/13/2015,35,4.22,CHL_InsituProbeR,RFU
10/13/2015,35,0.89,Phycocyanin_InsituProbeR,RFU
10/13/2015,40,3.64,CHL_InsituProbeR,RFU
10/13/2015,40,0.75,Phycocyanin_InsituProbeR,RFU
10/13/2015,45,2.26,CHL_InsituProbeR,RFU
10/13/2015,45,0.59,Phycocyanin_InsituProbeR,RFU
10/13/2015,47,138,TP,ugL
10/13/2015,47,1070,TN,ugL
10/13/2015,47,1.99,CHL_InsituProbeR,RFU
10/13/2015,47,0.6,Phycocyanin_InsituProbeR,RFU
11/3/2015,0,90,TP,ugL
11/3/2015,0,1040,TN,ugL
11/3/2015,0,0.95,CHL_InsituProbeR,RFU
11/3/2015,0,0.38,Phycocyanin_InsituProbeR,RFU
11/3/2015,0,3.05,CHLA,ugL
11/3/2015,5,97,TP,ugL
11/3/2015,5,1150,TN,ugL
11/3/2015,5,1.06,CHL_InsituProbeR,RFU
11/3/2015,5,0.34,Phycocyanin_InsituProbeR,RFU
11/3/2015,5,4.35,CHLA,ugL
11/3/2015,10,97,TP,ugL
11/3/2015,10,1080,TN,ugL
11/3/2015,10,0.96,CHL_InsituProbeR,RFU
11/3/2015,10,0.31,Phycocyanin_InsituProbeR,RFU
11/3/2015,10,2.1,CHLA,ugL
11/3/2015,15,0.91,CHL_InsituProbeR,RFU
11/3/2015,15,0.27,Phycocyanin_InsituProbeR,RFU
11/3/2015,20,105,TP,ugL
11/3/2015,20,1060,TN,ugL
11/3/2015,20,0.91,CHL_InsituProbeR,RFU
11/3/2015,20,0.28,Phycocyanin_InsituProbeR,RFU
11/3/2015,20,1.63,CHLA,ugL
11/3/2015,25,0.82,CHL_InsituProbeR,RFU
11/3/2015,25,0.26,Phycocyanin_InsituProbeR,RFU
11/3/2015,30,0.81,CHL_InsituProbeR,RFU
11/3/2015,30,0.25,Phycocyanin_InsituProbeR,RFU
11/3/2015,35,0.84,CHL_InsituProbeR,RFU
11/3/2015,35,0.25,Phycocyanin_InsituProbeR,RFU
11/3/2015,40,0.83,CHL_InsituProbeR,RFU
11/3/2015,40,0.29,Phycocyanin_InsituProbeR,RFU
11/3/2015,47,135,TP,ugL
11/3/2015,47,1140,TN,ugL
11/3/2015,47,0.95,CHL_InsituProbeR,RFU
11/3/2015,47,0.35,Phycocyanin_InsituProbeR,RFU
11/24/2015,0,80,TP,ugL
11/24/2015,0,1150,TN,ugL
11/24/2015,0,1.04,CHL_InsituProbeR,RFU
11/24/2015,0,0.36,Phycocyanin_InsituProbeR,RFU
11/24/2015,0,3.63,CHLA,ugL
11/24/2015,5,102,TP,ugL
11/24/2015,5,1080,TN,ugL
11/24/2015,5,1.08,CHL_InsituProbeR,RFU
11/24/2015,5,0.33,Phycocyanin_InsituProbeR,RFU
11/24/2015,5,4.63,CHLA,ugL
11/24/2015,10,83,TP,ugL
11/24/2015,10,1100,TN,ugL
11/24/2015,10,1.12,CHL_InsituProbeR,RFU
11/24/2015,10,0.33,Phycocyanin_InsituProbeR,RFU
11/24/2015,10,1.55,CHLA,ugL
11/24/2015,15,1.05,CHL_InsituProbeR,RFU
11/24/2015,15,0.31,Phycocyanin_InsituProbeR,RFU
11/24/2015,20,86,TP,ugL
11/24/2015,20,1130,TN,ugL
11/24/2015,20,1.1,CHL_InsituProbeR,RFU
11/24/2015,20,0.33,Phycocyanin_InsituProbeR,RFU
11/24/2015,20,2.67,CHLA,ugL
11/24/2015,25,1.07,CHL_InsituProbeR,RFU
11/24/2015,25,0.32,Phycocyanin_InsituProbeR,RFU
11/24/2015,30,1.05,CHL_InsituProbeR,RFU
11/24/2015,30,0.33,Phycocyanin_InsituProbeR,RFU
11/24/2015,35,1.07,CHL_InsituProbeR,RFU
11/24/2015,35,0.31,Phycocyanin_InsituProbeR,RFU
11/24/2015,40,1.04,CHL_InsituProbeR,RFU
11/24/2015,40,0.29,Phycocyanin_InsituProbeR,RFU
11/24/2015,45,84,TP,ugL
11/24/2015,45,1090,TN,ugL
11/24/2015,45,1.02,CHL_InsituProbeR,RFU
11/24/2015,45,0.31,Phycocyanin_InsituProbeR,RFU
12/8/2015,0,105,TP,ugL
12/8/2015,0,1110,TN,ugL
12/8/2015,0,0.96,CHL_InsituProbeR,RFU
12/8/2015,0,0.3,Phycocyanin_InsituProbeR,RFU
12/8/2015,0,0.47,CHLA,ugL
12/8/2015,5,98,TP,ugL
12/8/2015,5,1110,TN,ugL
12/8/2015,5,1.26,CHL_InsituProbeR,RFU
12/8/2015,5,0.31,Phycocyanin_InsituProbeR,RFU
12/8/2015,5,0.28,CHLA,ugL
12/8/2015,10,92,TP,ugL
12/8/2015,10,1070,TN,ugL
12/8/2015,10,1.29,CHL_InsituProbeR,RFU
12/8/2015,10,0.31,Phycocyanin_InsituProbeR,RFU
12/8/2015,10,0.28,CHLA,ugL
12/8/2015,16,1.31,CHL_InsituProbeR,RFU
12/8/2015,16,0.3,Phycocyanin_InsituProbeR,RFU
12/8/2015,20,94,TP,ugL
12/8/2015,20,1110,TN,ugL
12/8/2015,20,1.32,CHL_InsituProbeR,RFU
12/8/2015,20,0.3,Phycocyanin_InsituProbeR,RFU
12/8/2015,20,0.17,CHLA,ugL
12/8/2015,25,1.32,CHL_InsituProbeR,RFU
12/8/2015,25,0.31,Phycocyanin_InsituProbeR,RFU
12/8/2015,30,1.21,CHL_InsituProbeR,RFU
12/8/2015,30,0.3,Phycocyanin_InsituProbeR,RFU
12/8/2015,35,1.19,CHL_InsituProbeR,RFU
12/8/2015,35,0.31,Phycocyanin_InsituProbeR,RFU
12/8/2015,40,1.16,CHL_InsituProbeR,RFU
12/8/2015,40,0.28,Phycocyanin_InsituProbeR,RFU
12/8/2015,45,104,TP,ugL
12/8/2015,45,1110,TN,ugL
12/8/2015,45,1.19,CHL_InsituProbeR,RFU
12/8/2015,45,0.28,Phycocyanin_InsituProbeR,RFU
2/23/2016,0,195,TP,ugL
2/23/2016,0,1350,TN,ugL
2/23/2016,0,0.88,CHL_InsituProbeR,RFU
2/23/2016,0,0.4,Phycocyanin_InsituProbeR,RFU
2/23/2016,5,202,TP,ugL
2/23/2016,5,1330,TN,ugL
2/23/2016,5,0.94,CHL_InsituProbeR,RFU
2/23/2016,5,0.41,Phycocyanin_InsituProbeR,RFU
2/23/2016,10,191,TP,ugL
2/23/2016,10,1310,TN,ugL
2/23/2016,10,0.95,CHL_InsituProbeR,RFU
2/23/2016,10,0.42,Phycocyanin_InsituProbeR,RFU
2/23/2016,15,0.97,CHL_InsituProbeR,RFU
2/23/2016,15,0.41,Phycocyanin_InsituProbeR,RFU
2/23/2016,20,192,TP,ugL
2/23/2016,20,1220,TN,ugL
2/23/2016,20,0.96,CHL_InsituProbeR,RFU
2/23/2016,20,0.42,Phycocyanin_InsituProbeR,RFU
2/23/2016,25,0.98,CHL_InsituProbeR,RFU
2/23/2016,25,0.41,Phycocyanin_InsituProbeR,RFU
2/23/2016,30,0.97,CHL_InsituProbeR,RFU
2/23/2016,30,0.43,Phycocyanin_InsituProbeR,RFU
2/23/2016,35,0.98,CHL_InsituProbeR,RFU
2/23/2016,35,0.43,Phycocyanin_InsituProbeR,RFU
2/23/2016,40,0.95,CHL_InsituProbeR,RFU
2/23/2016,40,0.46,Phycocyanin_InsituProbeR,RFU
2/23/2016,45,0.97,CHL_InsituProbeR,RFU
2/23/2016,45,0.43,Phycocyanin_InsituProbeR,RFU
2/23/2016,50,0.95,CHL_InsituProbeR,RFU
2/23/2016,50,0.44,Phycocyanin_InsituProbeR,RFU
2/23/2016,52,205,TP,ugL
2/23/2016,52,1360,TN,ugL
2/23/2016,52,0.94,CHL_InsituProbeR,RFU
2/23/2016,52,0.44,Phycocyanin_InsituProbeR,RFU
3/15/2016,0,236,TP,ugL
3/15/2016,0,1190,TN,ugL
3/15/2016,0,2.44,CHL_InsituProbeR,RFU
3/15/2016,0,1.52,CHL_InsituProbeR,RFU
3/15/2016,0,1.37,CHL_InsituProbeR,RFU
3/15/2016,0,1.34,CHL_InsituProbeR,RFU
3/15/2016,0,1.08,CHL_InsituProbeR,RFU
3/15/2016,0,0.97,CHL_InsituProbeR,RFU
3/15/2016,0,0.94,CHL_InsituProbeR,RFU
3/15/2016,0,0.92,CHL_InsituProbeR,RFU
3/15/2016,0,0.9,CHL_InsituProbeR,RFU
3/15/2016,0,0.75,Phycocyanin_InsituProbeR,RFU
3/15/2016,0,0.53,Phycocyanin_InsituProbeR,RFU
3/15/2016,0,0.49,Phycocyanin_InsituProbeR,RFU
3/15/2016,0,0.5,Phycocyanin_InsituProbeR,RFU
3/15/2016,0,0.43,Phycocyanin_InsituProbeR,RFU
3/15/2016,0,0.41,Phycocyanin_InsituProbeR,RFU
3/15/2016,0,0.39,Phycocyanin_InsituProbeR,RFU
3/15/2016,0,0.39,Phycocyanin_InsituProbeR,RFU
3/15/2016,0,0.4,Phycocyanin_InsituProbeR,RFU
3/15/2016,5,229,TP,ugL
3/15/2016,5,1190,TN,ugL
3/15/2016,10,221,TP,ugL
3/15/2016,10,1160,TN,ugL
3/15/2016,20,216,TP,ugL
3/15/2016,20,1220,TN,ugL
3/15/2016,47,186,TP,ugL
3/15/2016,47,1180,TN,ugL
3/15/2016,47,0.92,CHL_InsituProbeR,RFU
3/15/2016,47,0.41,Phycocyanin_InsituProbeR,RFU
4/1/2016,0,152,TP,ugL
4/1/2016,0,1220,TN,ugL
4/5/2016,0,162,TP,ugL
4/5/2016,0,1240,TN,ugL
4/5/2016,0,0.35,CHL_InsituProbeR,RFU
4/5/2016,0,0.35,Phycocyanin_InsituProbeR,RFU
4/5/2016,5,172,TP,ugL
4/5/2016,5,1160,TN,ugL
4/5/2016,5,0.31,CHL_InsituProbeR,RFU
4/5/2016,5,0.31,Phycocyanin_InsituProbeR,RFU
4/5/2016,10,159,TP,ugL
4/5/2016,10,1160,TN,ugL
4/5/2016,10,0.3,CHL_InsituProbeR,RFU
4/5/2016,10,0.3,Phycocyanin_InsituProbeR,RFU
4/5/2016,15,0.3,CHL_InsituProbeR,RFU
4/5/2016,15,0.3,Phycocyanin_InsituProbeR,RFU
4/5/2016,20,160,TP,ugL
4/5/2016,20,1140,TN,ugL
4/5/2016,20,0.28,CHL_InsituProbeR,RFU
4/5/2016,20,0.28,Phycocyanin_InsituProbeR,RFU
4/5/2016,25,0.28,CHL_InsituProbeR,RFU
4/5/2016,25,0.28,Phycocyanin_InsituProbeR,RFU
4/5/2016,30,0.28,CHL_InsituProbeR,RFU
4/5/2016,30,0.28,Phycocyanin_InsituProbeR,RFU
4/5/2016,35,0.28,CHL_InsituProbeR,RFU
4/5/2016,35,0.28,Phycocyanin_InsituProbeR,RFU
4/5/2016,40,0.26,CHL_InsituProbeR,RFU
4/5/2016,40,0.26,Phycocyanin_InsituProbeR,RFU
4/5/2016,45,0.27,CHL_InsituProbeR,RFU
4/5/2016,45,0.27,Phycocyanin_InsituProbeR,RFU
4/5/2016,46,173,TP,ugL
4/5/2016,46,1130,TN,ugL
4/5/2016,46,0.24,CHL_InsituProbeR,RFU
4/5/2016,46,0.24,Phycocyanin_InsituProbeR,RFU
4/13/2016,0,132,TP,ugL
4/13/2016,0,1260,TN,ugL
4/26/2016,0,107,TP,ugL
4/26/2016,0,977,TN,ugL
4/26/2016,0,10.34,CHL_InsituProbeR,RFU
4/26/2016,0,1.02,Phycocyanin_InsituProbeR,RFU
4/26/2016,5,66,TP,ugL
4/26/2016,5,935,TN,ugL
4/26/2016,5,5.7,CHL_InsituProbeR,RFU
4/26/2016,5,0.5,Phycocyanin_InsituProbeR,RFU
4/26/2016,10,86,TP,ugL
4/26/2016,10,957,TN,ugL
4/26/2016,10,2.17,CHL_InsituProbeR,RFU
4/26/2016,10,0.24,Phycocyanin_InsituProbeR,RFU
4/26/2016,15,1.93,CHL_InsituProbeR,RFU
4/26/2016,15,0.25,Phycocyanin_InsituProbeR,RFU
4/26/2016,20,163,TP,ugL
4/26/2016,20,1240,TN,ugL
4/26/2016,20,2.07,CHL_InsituProbeR,RFU
4/26/2016,20,0.29,Phycocyanin_InsituProbeR,RFU
4/26/2016,25,1.07,CHL_InsituProbeR,RFU
4/26/2016,25,0.24,Phycocyanin_InsituProbeR,RFU
4/26/2016,30,0.9,CHL_InsituProbeR,RFU
4/26/2016,30,0.23,Phycocyanin_InsituProbeR,RFU
4/26/2016,35,0.87,CHL_InsituProbeR,RFU
4/26/2016,35,0.23,Phycocyanin_InsituProbeR,RFU
4/26/2016,40,0.89,CHL_InsituProbeR,RFU
4/26/2016,40,0.23,Phycocyanin_InsituProbeR,RFU
4/26/2016,45,0.88,CHL_InsituProbeR,RFU
4/26/2016,45,0.22,Phycocyanin_InsituProbeR,RFU
4/26/2016,51,162,TP,ugL
4/26/2016,51,1220,TN,ugL
4/26/2016,51,0.85,CHL_InsituProbeR,RFU
4/26/2016,51,0.22,Phycocyanin_InsituProbeR,RFU
4/27/2016,0,97,TP,ugL
4/27/2016,0,1180,TN,ugL
5/10/2016,0,201,TP,ugL
5/10/2016,0,1220,TN,ugL
5/10/2016,0,0.57,CHL_InsituProbeR,RFU
5/10/2016,0,0.07,Phycocyanin_InsituProbeR,RFU
5/10/2016,5,186,TP,ugL
5/10/2016,5,1190,TN,ugL
5/10/2016,5,0.61,CHL_InsituProbeR,RFU
5/10/2016,5,0.08,Phycocyanin_InsituProbeR,RFU
5/10/2016,10,198,TP,ugL
5/10/2016,10,1250,TN,ugL
5/10/2016,10,0.64,CHL_InsituProbeR,RFU
5/10/2016,10,0.08,Phycocyanin_InsituProbeR,RFU
5/10/2016,15,0.61,CHL_InsituProbeR,RFU
5/10/2016,15,0.08,Phycocyanin_InsituProbeR,RFU
5/10/2016,20,198,TP,ugL
5/10/2016,20,1250,TN,ugL
5/10/2016,20,0.59,CHL_InsituProbeR,RFU
5/10/2016,20,0.06,Phycocyanin_InsituProbeR,RFU
5/10/2016,30,0.65,CHL_InsituProbeR,RFU
5/10/2016,30,0.08,Phycocyanin_InsituProbeR,RFU
5/10/2016,35,0.65,CHL_InsituProbeR,RFU
5/10/2016,35,0.11,Phycocyanin_InsituProbeR,RFU
5/10/2016,40,0.71,CHL_InsituProbeR,RFU
5/10/2016,40,0.17,Phycocyanin_InsituProbeR,RFU
5/10/2016,45,0.66,CHL_InsituProbeR,RFU
5/10/2016,45,0.14,Phycocyanin_InsituProbeR,RFU
5/10/2016,50,166,TP,ugL
5/10/2016,50,1150,TN,ugL
5/10/2016,50,0.76,CHL_InsituProbeR,RFU
5/10/2016,50,0.18,Phycocyanin_InsituProbeR,RFU
5/11/2016,0,191,TP,ugL
5/11/2016,0,1260,TN,ugL
5/18/2016,0,194,TP,ugL
5/18/2016,0,1390,TN,ugL
5/24/2016,0,208,TP,ugL
5/24/2016,0,1320,TN,ugL
5/24/2016,0,5.98,CHL_InsituProbeR,RFU
5/24/2016,0,1.04,Phycocyanin_InsituProbeR,RFU
5/24/2016,5,189,TP,ugL
5/24/2016,5,1280,TN,ugL
5/24/2016,5,7.3,CHL_InsituProbeR,RFU
5/24/2016,5,0.86,Phycocyanin_InsituProbeR,RFU
5/24/2016,10,191,TP,ugL
5/24/2016,10,1240,TN,ugL
5/24/2016,10,2.51,CHL_InsituProbeR,RFU
5/24/2016,10,0.25,Phycocyanin_InsituProbeR,RFU
5/24/2016,15,1.62,CHL_InsituProbeR,RFU
5/24/2016,15,0.16,Phycocyanin_InsituProbeR,RFU
5/24/2016,20,197,TP,ugL
5/24/2016,20,1310,TN,ugL
5/24/2016,20,1.31,CHL_InsituProbeR,RFU
5/24/2016,20,0.15,Phycocyanin_InsituProbeR,RFU
5/24/2016,25,1.05,CHL_InsituProbeR,RFU
5/24/2016,25,0.14,Phycocyanin_InsituProbeR,RFU
5/24/2016,30,0.81,CHL_InsituProbeR,RFU
5/24/2016,30,0.13,Phycocyanin_InsituProbeR,RFU
5/24/2016,35,0.82,CHL_InsituProbeR,RFU
5/24/2016,35,0.13,Phycocyanin_InsituProbeR,RFU
5/24/2016,40,0.84,CHL_InsituProbeR,RFU
5/24/2016,40,0.15,Phycocyanin_InsituProbeR,RFU
5/24/2016,45,0.86,CHL_InsituProbeR,RFU
5/24/2016,45,0.15,Phycocyanin_InsituProbeR,RFU
5/24/2016,49,198,TP,ugL
5/24/2016,49,1280,TN,ugL
5/24/2016,49,0.85,CHL_InsituProbeR,RFU
5/24/2016,49,0.17,Phycocyanin_InsituProbeR,RFU
5/25/2016,0,182,TP,ugL
5/25/2016,0,1500,TN,ugL
5/31/2016,0,97,TP,ugL
5/31/2016,0,1450,TN,ugL
6/1/2016,0,94,TP,ugL
6/1/2016,0,1570,TN,ugL
6/3/2016,0,100,TP,ugL
6/3/2016,0,2270,TN,ugL
6/6/2016,0,98,TP,ugL
6/6/2016,0,1840,TN,ugL
6/7/2016,0,107,TP,ugL
6/7/2016,0,1630,TN,ugL
6/7/2016,0,4.39,CHL_InsituProbeR,RFU
6/7/2016,0,7.88,Phycocyanin_InsituProbeR,RFU
6/7/2016,5,109,TP,ugL
6/7/2016,5,1590,TN,ugL
6/7/2016,5,2.88,CHL_InsituProbeR,RFU
6/7/2016,5,6.56,Phycocyanin_InsituProbeR,RFU
6/7/2016,10,94,TP,ugL
6/7/2016,10,1260,TN,ugL
6/7/2016,10,1.14,CHL_InsituProbeR,RFU
6/7/2016,10,0.69,Phycocyanin_InsituProbeR,RFU
6/7/2016,15,0.89,CHL_InsituProbeR,RFU
6/7/2016,15,0.18,Phycocyanin_InsituProbeR,RFU
6/7/2016,20,169,TP,ugL
6/7/2016,20,1330,TN,ugL
6/7/2016,20,0.86,CHL_InsituProbeR,RFU
6/7/2016,20,0.14,Phycocyanin_InsituProbeR,RFU
6/7/2016,25,1.25,CHL_InsituProbeR,RFU
6/7/2016,25,0.17,Phycocyanin_InsituProbeR,RFU
6/7/2016,30,1.27,CHL_InsituProbeR,RFU
6/7/2016,30,0.19,Phycocyanin_InsituProbeR,RFU
6/7/2016,35,1.1,CHL_InsituProbeR,RFU
6/7/2016,35,0.17,Phycocyanin_InsituProbeR,RFU
6/7/2016,40,0.97,CHL_InsituProbeR,RFU
6/7/2016,40,0.19,Phycocyanin_InsituProbeR,RFU
6/7/2016,45,0.91,CHL_InsituProbeR,RFU
6/7/2016,45,0.17,Phycocyanin_InsituProbeR,RFU
6/7/2016,50,206,TP,ugL
6/7/2016,50,1190,TN,ugL
6/7/2016,50,0.93,CHL_InsituProbeR,RFU
6/7/2016,50,0.19,Phycocyanin_InsituProbeR,RFU
6/8/2016,0,99,TP,ugL
6/8/2016,0,1620,TN,ugL
6/10/2016,0,151,TP,ugL
6/10/2016,0,3170,TN,ugL
6/13/2016,0,74,TP,ugL
6/13/2016,0,1350,TN,ugL
6/15/2016,0,111,TP,ugL
6/15/2016,0,1970,TN,ugL
6/16/2016,0,100,TP,ugL
6/16/2016,0,1190,TN,ugL
6/16/2016,0,3.84,CHL_InsituProbeR,RFU
6/16/2016,0,5.81,Phycocyanin_InsituProbeR,RFU
6/16/2016,5,93,TP,ugL
6/16/2016,5,1180,TN,ugL
6/16/2016,5,4.68,CHL_InsituProbeR,RFU
6/16/2016,5,6.84,Phycocyanin_InsituProbeR,RFU
6/16/2016,10,92,TP,ugL
6/16/2016,10,1150,TN,ugL
6/16/2016,10,1.88,CHL_InsituProbeR,RFU
6/16/2016,10,0.94,CHL_InsituProbeR,RFU
6/16/2016,10,1.9,Phycocyanin_InsituProbeR,RFU
6/16/2016,10,0.54,Phycocyanin_InsituProbeR,RFU
6/16/2016,20,172,TP,ugL
6/16/2016,20,1320,TN,ugL
6/16/2016,20,0.71,CHL_InsituProbeR,RFU
6/16/2016,20,0.17,Phycocyanin_InsituProbeR,RFU
6/16/2016,25,0.73,CHL_InsituProbeR,RFU
6/16/2016,25,0.15,Phycocyanin_InsituProbeR,RFU
6/16/2016,30,0.79,CHL_InsituProbeR,RFU
6/16/2016,30,0.16,Phycocyanin_InsituProbeR,RFU
6/16/2016,35,0.86,CHL_InsituProbeR,RFU
6/16/2016,35,0.19,Phycocyanin_InsituProbeR,RFU
6/16/2016,40,0.86,CHL_InsituProbeR,RFU
6/16/2016,40,0.18,Phycocyanin_InsituProbeR,RFU
6/16/2016,45,0.84,CHL_InsituProbeR,RFU
6/16/2016,45,0.19,Phycocyanin_InsituProbeR,RFU
6/16/2016,49,234,TP,ugL
6/16/2016,49,1140,TN,ugL
6/16/2016,49,0.82,CHL_InsituProbeR,RFU
6/16/2016,49,0.2,Phycocyanin_InsituProbeR,RFU
6/17/2016,0,107,TP,ugL
6/17/2016,0,1910,TN,ugL
6/20/2016,0,95,TP,ugL
6/20/2016,0,1560,TN,ugL
6/21/2016,0,100,TP,ugL
6/21/2016,0,1140,TN,ugL
6/21/2016,0,328.07,CHL_InsituProbeR,RFU
6/21/2016,0,9.86,Phycocyanin_InsituProbeR,RFU
6/21/2016,5,96,TP,ugL
6/21/2016,5,1110,TN,ugL
6/21/2016,5,282.87,CHL_InsituProbeR,RFU
6/21/2016,5,8.97,Phycocyanin_InsituProbeR,RFU
6/21/2016,10,90,TP,ugL
6/21/2016,10,1120,TN,ugL
6/21/2016,10,282.01,CHL_InsituProbeR,RFU
6/21/2016,10,8.5,Phycocyanin_InsituProbeR,RFU
6/21/2016,15,330.38,CHL_InsituProbeR,RFU
6/21/2016,15,1.02,Phycocyanin_InsituProbeR,RFU
6/21/2016,20,176,TP,ugL
6/21/2016,20,1250,TN,ugL
6/21/2016,20,345.64,CHL_InsituProbeR,RFU
6/21/2016,20,0.35,Phycocyanin_InsituProbeR,RFU
6/21/2016,25,346.38,CHL_InsituProbeR,RFU
6/21/2016,25,0.25,Phycocyanin_InsituProbeR,RFU
6/21/2016,30,333.47,CHL_InsituProbeR,RFU
6/21/2016,30,0.22,Phycocyanin_InsituProbeR,RFU
6/21/2016,35,281.3,CHL_InsituProbeR,RFU
6/21/2016,35,0.2,Phycocyanin_InsituProbeR,RFU
6/21/2016,40,238.53,CHL_InsituProbeR,RFU
6/21/2016,40,0.18,Phycocyanin_InsituProbeR,RFU
6/21/2016,45,223.93,CHL_InsituProbeR,RFU
6/21/2016,45,0.18,Phycocyanin_InsituProbeR,RFU
6/21/2016,49,205,TP,ugL
6/21/2016,49,1180,TN,ugL
6/21/2016,49,222.39,CHL_InsituProbeR,RFU
6/21/2016,49,0.18,Phycocyanin_InsituProbeR,RFU
6/22/2016,0,85,TP,ugL
6/22/2016,0,1290,TN,ugL
6/24/2016,0,83,TP,ugL
6/24/2016,0,1200,TN,ugL
6/27/2016,0,73,TP,ugL
6/27/2016,0,1110,TN,ugL
6/28/2016,0,73,TP,ugL
6/28/2016,0,1100,TN,ugL
6/28/2016,0,3.54,CHL_InsituProbeR,RFU
6/28/2016,0,2.94,Phycocyanin_InsituProbeR,RFU
6/28/2016,5,89,TP,ugL
6/28/2016,5,1180,TN,ugL
6/28/2016,5,4.11,CHL_InsituProbeR,RFU
6/28/2016,5,6.75,Phycocyanin_InsituProbeR,RFU
6/28/2016,10,85,TP,ugL
6/28/2016,10,1120,TN,ugL
6/28/2016,10,2.5,CHL_InsituProbeR,RFU
6/28/2016,10,4.7,Phycocyanin_InsituProbeR,RFU
6/28/2016,15,1.5,CHL_InsituProbeR,RFU
6/28/2016,15,2.47,Phycocyanin_InsituProbeR,RFU
6/28/2016,20,121,TP,ugL
6/28/2016,20,1320,TN,ugL
6/28/2016,20,1.05,CHL_InsituProbeR,RFU
6/28/2016,20,1.1,Phycocyanin_InsituProbeR,RFU
6/28/2016,25,0.98,CHL_InsituProbeR,RFU
6/28/2016,25,0.71,Phycocyanin_InsituProbeR,RFU
6/28/2016,30,0.98,CHL_InsituProbeR,RFU
6/28/2016,30,0.48,Phycocyanin_InsituProbeR,RFU
6/28/2016,35,0.99,CHL_InsituProbeR,RFU
6/28/2016,35,0.33,Phycocyanin_InsituProbeR,RFU
6/28/2016,40,1,CHL_InsituProbeR,RFU
6/28/2016,40,0.29,Phycocyanin_InsituProbeR,RFU
6/28/2016,45,0.98,CHL_InsituProbeR,RFU
6/28/2016,45,0.25,Phycocyanin_InsituProbeR,RFU
6/28/2016,49,220,TP,ugL
6/28/2016,49,1250,TN,ugL
6/28/2016,49,0.95,CHL_InsituProbeR,RFU
6/28/2016,49,0.24,Phycocyanin_InsituProbeR,RFU
6/29/2016,0,74,TP,ugL
6/29/2016,0,1150,TN,ugL
7/1/2016,0,64,TP,ugL
7/1/2016,0,955,TN,ugL
7/6/2016,0,89,TP,ugL
7/6/2016,0,1060,TN,ugL
7/14/2016,0,58,TP,ugL
7/14/2016,0,1200,TN,ugL
7/20/2016,0,52,TP,ugL
7/20/2016,0,919,TN,ugL
7/22/2016,0,46,TP,ugL
7/22/2016,0,802,TN,ugL
7/27/2016,0,87,TP,ugL
7/27/2016,0,1030,TN,ugL
8/3/2016,0,29,TP,ugL
8/3/2016,0,846,TN,ugL
8/4/2016,0,30,TP,ugL
8/4/2016,0,746,TN,ugL
8/4/2016,0,1.34,CHL_InsituProbeR,RFU
8/4/2016,0,2.12,Phycocyanin_InsituProbeR,RFU
8/4/2016,0,15.062,CHLA,ugL
8/4/2016,5,34,TP,ugL
8/4/2016,5,856,TN,ugL
8/4/2016,5,2.26,CHL_InsituProbeR,RFU
8/4/2016,5,2.94,Phycocyanin_InsituProbeR,RFU
8/4/2016,5,21.36,CHLA,ugL
8/4/2016,10,39,TP,ugL
8/4/2016,10,775,TN,ugL
8/4/2016,10,2.29,CHL_InsituProbeR,RFU
8/4/2016,10,4.45,Phycocyanin_InsituProbeR,RFU
8/4/2016,10,25.646,CHLA,ugL
8/4/2016,15,1.41,CHL_InsituProbeR,RFU
8/4/2016,15,2.96,Phycocyanin_InsituProbeR,RFU
8/4/2016,20,80,TP,ugL
8/4/2016,20,697,TN,ugL
8/4/2016,20,1.06,CHL_InsituProbeR,RFU
8/4/2016,20,1.24,Phycocyanin_InsituProbeR,RFU
8/4/2016,20,10.383,CHLA,ugL
8/4/2016,25,1.04,CHL_InsituProbeR,RFU
8/4/2016,25,0.93,Phycocyanin_InsituProbeR,RFU
8/4/2016,30,1.04,CHL_InsituProbeR,RFU
8/4/2016,30,0.71,Phycocyanin_InsituProbeR,RFU
8/4/2016,35,1.06,CHL_InsituProbeR,RFU
8/4/2016,35,0.55,Phycocyanin_InsituProbeR,RFU
8/4/2016,40,1.03,CHL_InsituProbeR,RFU
8/4/2016,40,0.39,Phycocyanin_InsituProbeR,RFU
8/4/2016,45,0.97,CHL_InsituProbeR,RFU
8/4/2016,45,0.23,Phycocyanin_InsituProbeR,RFU
8/4/2016,48,178,TP,ugL
8/4/2016,48,964,TN,ugL
8/4/2016,48,0.96,CHL_InsituProbeR,RFU
8/4/2016,48,0.22,Phycocyanin_InsituProbeR,RFU
8/10/2016,0,59,TP,ugL
8/10/2016,0,862,TN,ugL
8/17/2016,0,43,TP,ugL
8/17/2016,0,718,TN,ugL
8/24/2016,0,50,TP,ugL
8/24/2016,0,684,TN,ugL
8/30/2016,0,56,TP,ugL
8/30/2016,0,696,TN,ugL
8/30/2016,0,3.49,CHL_InsituProbeR,RFU
8/30/2016,0,2.23,Phycocyanin_InsituProbeR,RFU
8/30/2016,0,19.169,CHLA,ugL
8/30/2016,5,53,TP,ugL
8/30/2016,5,708,TN,ugL
8/30/2016,5,4.4,CHL_InsituProbeR,RFU
8/30/2016,5,2.3,Phycocyanin_InsituProbeR,RFU
8/30/2016,5,23.295,CHLA,ugL
8/30/2016,10,54,TP,ugL
8/30/2016,10,969,TN,ugL
8/30/2016,10,3.98,CHL_InsituProbeR,RFU
8/30/2016,10,3.05,Phycocyanin_InsituProbeR,RFU
8/30/2016,10,24.988,CHLA,ugL
8/30/2016,15,2.48,CHL_InsituProbeR,RFU
8/30/2016,15,2.07,Phycocyanin_InsituProbeR,RFU
8/30/2016,20,122,TP,ugL
8/30/2016,20,633,TN,ugL
8/30/2016,20,1.35,CHL_InsituProbeR,RFU
8/30/2016,20,0.57,Phycocyanin_InsituProbeR,RFU
8/30/2016,20,4.401,CHLA,ugL
8/30/2016,25,1.15,CHL_InsituProbeR,RFU
8/30/2016,25,0.33,Phycocyanin_InsituProbeR,RFU
8/30/2016,30,1.08,CHL_InsituProbeR,RFU
8/30/2016,30,0.32,Phycocyanin_InsituProbeR,RFU
8/30/2016,35,1.13,CHL_InsituProbeR,RFU
8/30/2016,35,0.33,Phycocyanin_InsituProbeR,RFU
8/30/2016,40,1.14,CHL_InsituProbeR,RFU
8/30/2016,40,0.3,Phycocyanin_InsituProbeR,RFU
8/30/2016,45,1.15,CHL_InsituProbeR,RFU
8/30/2016,45,0.33,Phycocyanin_InsituProbeR,RFU
8/30/2016,48,257,TP,ugL
8/30/2016,48,1020,TN,ugL
8/30/2016,48,1.14,CHL_InsituProbeR,RFU
8/30/2016,48,0.39,Phycocyanin_InsituProbeR,RFU
8/31/2016,0,58,TP,ugL
8/31/2016,0,787,TN,ugL
9/14/2016,0,45,TP,ugL
9/14/2016,0,557,TN,ugL
9/20/2016,0,41,TP,ugL
9/20/2016,0,551,TN,ugL
9/20/2016,0,5.26,CHL_InsituProbeR,RFU
9/20/2016,0,2.31,Phycocyanin_InsituProbeR,RFU
9/20/2016,5,40,TP,ugL
9/20/2016,5,570,TN,ugL
9/20/2016,5,3.23,CHL_InsituProbeR,RFU
9/20/2016,5,1.84,Phycocyanin_InsituProbeR,RFU
9/20/2016,10,26,TP,ugL
9/20/2016,10,504,TN,ugL
9/20/2016,10,3.34,CHL_InsituProbeR,RFU
9/20/2016,10,1.76,Phycocyanin_InsituProbeR,RFU
9/20/2016,15,2.93,CHL_InsituProbeR,RFU
9/20/2016,15,1.67,Phycocyanin_InsituProbeR,RFU
9/20/2016,20,24,TP,ugL
9/20/2016,20,495,TN,ugL
9/20/2016,20,3.01,CHL_InsituProbeR,RFU
9/20/2016,20,1.61,Phycocyanin_InsituProbeR,RFU
9/20/2016,25,2.32,CHL_InsituProbeR,RFU
9/20/2016,25,1.41,Phycocyanin_InsituProbeR,RFU
9/20/2016,30,1.19,CHL_InsituProbeR,RFU
9/20/2016,30,0.6,Phycocyanin_InsituProbeR,RFU
9/20/2016,35,1.08,CHL_InsituProbeR,RFU
9/20/2016,35,0.32,Phycocyanin_InsituProbeR,RFU
9/20/2016,40,1.03,CHL_InsituProbeR,RFU
9/20/2016,40,0.22,Phycocyanin_InsituProbeR,RFU
9/20/2016,47,287,TP,ugL
9/20/2016,47,1160,TN,ugL
9/20/2016,47,1.04,CHL_InsituProbeR,RFU
9/20/2016,47,0.26,Phycocyanin_InsituProbeR,RFU
9/28/2016,0,65,TP,ugL
9/28/2016,0,601,TN,ugL
10/11/2016,0,93,TP,ugL
10/11/2016,0,793,TN,ugL
10/11/2016,0,2.24,CHL_InsituProbeR,RFU
10/11/2016,0,1.2,Phycocyanin_InsituProbeR,RFU
10/11/2016,5,95,TP,ugL
10/11/2016,5,788,TN,ugL
10/11/2016,5,2.38,CHL_InsituProbeR,RFU
10/11/2016,5,1.15,Phycocyanin_InsituProbeR,RFU
10/11/2016,10,93,TP,ugL
10/11/2016,10,766,TN,ugL
10/11/2016,10,2.44,CHL_InsituProbeR,RFU
10/11/2016,10,1.13,Phycocyanin_InsituProbeR,RFU
10/11/2016,15,2.44,CHL_InsituProbeR,RFU
10/11/2016,15,1.1,Phycocyanin_InsituProbeR,RFU
10/11/2016,20,92,TP,ugL
10/11/2016,20,775,TN,ugL
10/11/2016,20,2.27,CHL_InsituProbeR,RFU
10/11/2016,20,1.07,Phycocyanin_InsituProbeR,RFU
10/11/2016,25,2.18,CHL_InsituProbeR,RFU
10/11/2016,25,1.03,Phycocyanin_InsituProbeR,RFU
10/11/2016,30,2.28,CHL_InsituProbeR,RFU
10/11/2016,30,1.08,Phycocyanin_InsituProbeR,RFU
10/11/2016,35,2.01,CHL_InsituProbeR,RFU
10/11/2016,35,1.02,Phycocyanin_InsituProbeR,RFU
10/11/2016,40,1.78,CHL_InsituProbeR,RFU
10/11/2016,40,0.92,Phycocyanin_InsituProbeR,RFU
10/11/2016,46,84,TP,ugL
10/11/2016,46,757,TN,ugL
10/11/2016,46,1.62,CHL_InsituProbeR,RFU
10/11/2016,46,0.82,Phycocyanin_InsituProbeR,RFU
11/1/2016,0,88,TP,ugL
11/1/2016,0,933,TN,ugL
11/1/2016,0,1.05,CHL_InsituProbeR,RFU
11/1/2016,0,0.42,Phycocyanin_InsituProbeR,RFU
11/1/2016,5,87,TP,ugL
11/1/2016,5,957,TN,ugL
11/1/2016,5,1.14,CHL_InsituProbeR,RFU
11/1/2016,5,0.43,Phycocyanin_InsituProbeR,RFU
11/1/2016,10,87,TP,ugL
11/1/2016,10,873,TN,ugL
11/1/2016,10,1.15,CHL_InsituProbeR,RFU
11/1/2016,10,0.42,Phycocyanin_InsituProbeR,RFU
11/1/2016,15,1.1,CHL_InsituProbeR,RFU
11/1/2016,15,0.38,Phycocyanin_InsituProbeR,RFU
11/1/2016,20,88,TP,ugL
11/1/2016,20,931,TN,ugL
11/1/2016,20,1.17,CHL_InsituProbeR,RFU
11/1/2016,20,0.4,Phycocyanin_InsituProbeR,RFU
11/1/2016,25,1.03,CHL_InsituProbeR,RFU
11/1/2016,25,0.36,Phycocyanin_InsituProbeR,RFU
11/1/2016,30,1.07,CHL_InsituProbeR,RFU
11/1/2016,30,0.4,Phycocyanin_InsituProbeR,RFU
11/1/2016,35,0.99,CHL_InsituProbeR,RFU
11/1/2016,35,0.36,Phycocyanin_InsituProbeR,RFU
11/1/2016,40,0.83,CHL_InsituProbeR,RFU
11/1/2016,40,0.32,Phycocyanin_InsituProbeR,RFU
11/1/2016,46,83,TP,ugL
11/1/2016,46,901,TN,ugL
11/1/2016,46,0.81,CHL_InsituProbeR,RFU
11/1/2016,46,0.35,Phycocyanin_InsituProbeR,RFU
11/22/2016,0,90,TP,ugL
11/22/2016,0,1060,TN,ugL
11/22/2016,0,1.08,CHL_InsituProbeR,RFU
11/22/2016,0,0.35,Phycocyanin_InsituProbeR,RFU
11/22/2016,5,90,TP,ugL
11/22/2016,5,1020,TN,ugL
11/22/2016,5,1.17,CHL_InsituProbeR,RFU
11/22/2016,5,0.31,Phycocyanin_InsituProbeR,RFU
11/22/2016,10,93,TP,ugL
11/22/2016,10,1050,TN,ugL
11/22/2016,10,1.19,CHL_InsituProbeR,RFU
11/22/2016,10,0.28,Phycocyanin_InsituProbeR,RFU
11/22/2016,15,1.21,CHL_InsituProbeR,RFU
11/22/2016,15,0.27,Phycocyanin_InsituProbeR,RFU
11/22/2016,20,80,TP,ugL
11/22/2016,20,993,TN,ugL
11/22/2016,20,1.28,CHL_InsituProbeR,RFU
11/22/2016,20,0.3,Phycocyanin_InsituProbeR,RFU
11/22/2016,25,1.27,CHL_InsituProbeR,RFU
11/22/2016,25,0.29,Phycocyanin_InsituProbeR,RFU
11/22/2016,30,1.36,CHL_InsituProbeR,RFU
11/22/2016,30,0.29,Phycocyanin_InsituProbeR,RFU
11/22/2016,35,1.32,CHL_InsituProbeR,RFU
11/22/2016,35,0.3,Phycocyanin_InsituProbeR,RFU
11/22/2016,40,1.33,CHL_InsituProbeR,RFU
11/22/2016,40,0.33,Phycocyanin_InsituProbeR,RFU
11/22/2016,45,88,TP,ugL
11/22/2016,45,966,TN,ugL
11/22/2016,45,1.22,CHL_InsituProbeR,RFU
11/22/2016,45,0.28,Phycocyanin_InsituProbeR,RFU
1/11/2017,0,141,TP,ugL
1/11/2017,0,1470,TN,ugL
1/11/2017,0,0.78,CHL_InsituProbeR,RFU
1/11/2017,0,0.93,CHL_InsituProbeR,RFU
1/11/2017,0,0.95,CHL_InsituProbeR,RFU
1/11/2017,0,0.93,CHL_InsituProbeR,RFU
1/11/2017,0,0.92,CHL_InsituProbeR,RFU
1/11/2017,0,0.9,CHL_InsituProbeR,RFU
1/11/2017,0,0.9,CHL_InsituProbeR,RFU
1/11/2017,0,0.91,CHL_InsituProbeR,RFU
1/11/2017,0,0.93,CHL_InsituProbeR,RFU
1/11/2017,0,0.33,Phycocyanin_InsituProbeR,RFU
1/11/2017,0,0.32,Phycocyanin_InsituProbeR,RFU
1/11/2017,0,0.33,Phycocyanin_InsituProbeR,RFU
1/11/2017,0,0.32,Phycocyanin_InsituProbeR,RFU
1/11/2017,0,0.32,Phycocyanin_InsituProbeR,RFU
1/11/2017,0,0.32,Phycocyanin_InsituProbeR,RFU
1/11/2017,0,0.31,Phycocyanin_InsituProbeR,RFU
1/11/2017,0,0.32,Phycocyanin_InsituProbeR,RFU
1/11/2017,0,0.33,Phycocyanin_InsituProbeR,RFU
1/11/2017,5,141,TP,ugL
1/11/2017,5,1540,TN,ugL
1/11/2017,10,146,TP,ugL
1/11/2017,10,1510,TN,ugL
1/11/2017,20,138,TP,ugL
1/11/2017,20,1380,TN,ugL
1/11/2017,46,145,TP,ugL
1/11/2017,46,1320,TN,ugL
1/11/2017,46,1.11,CHL_InsituProbeR,RFU
1/11/2017,46,0.56,Phycocyanin_InsituProbeR,RFU
2/8/2017,0,197,TP,ugL
2/8/2017,0,1430,TN,ugL
2/8/2017,0,0.96,CHL_InsituProbeR,RFU
2/8/2017,0,0.29,Phycocyanin_InsituProbeR,RFU
2/8/2017,5,197,TP,ugL
2/8/2017,5,1510,TN,ugL
2/8/2017,5,0.99,CHL_InsituProbeR,RFU
2/8/2017,5,0.26,Phycocyanin_InsituProbeR,RFU
2/8/2017,10,214,TP,ugL
2/8/2017,10,1490,TN,ugL
2/8/2017,10,0.97,CHL_InsituProbeR,RFU
2/8/2017,10,0.26,Phycocyanin_InsituProbeR,RFU
2/8/2017,15,0.96,CHL_InsituProbeR,RFU
2/8/2017,15,0.27,Phycocyanin_InsituProbeR,RFU
2/8/2017,20,194,TP,ugL
2/8/2017,20,1550,TN,ugL
2/8/2017,20,0.97,CHL_InsituProbeR,RFU
2/8/2017,20,0.25,Phycocyanin_InsituProbeR,RFU
2/8/2017,25,0.99,CHL_InsituProbeR,RFU
2/8/2017,25,0.26,Phycocyanin_InsituProbeR,RFU
2/8/2017,30,0.95,CHL_InsituProbeR,RFU
2/8/2017,30,0.24,Phycocyanin_InsituProbeR,RFU
2/8/2017,35,0.96,CHL_InsituProbeR,RFU
2/8/2017,35,0.26,Phycocyanin_InsituProbeR,RFU
2/8/2017,39,0.95,CHL_InsituProbeR,RFU
2/8/2017,39,0.25,Phycocyanin_InsituProbeR,RFU
2/8/2017,47,197,TP,ugL
2/8/2017,47,1580,TN,ugL
2/8/2017,47,0.94,CHL_InsituProbeR,RFU
2/8/2017,47,0.25,Phycocyanin_InsituProbeR,RFU
3/22/2017,0,197,TP,ugL
3/22/2017,0,1200,TN,ugL
3/24/2017,0,196,TP,ugL
3/24/2017,0,1190,TN,ugL
3/24/2017,0,1.2,CHL_InsituProbeR,RFU
3/24/2017,0,0.71,Phycocyanin_InsituProbeR,RFU
3/24/2017,5,201,TP,ugL
3/24/2017,5,1160,TN,ugL
3/24/2017,5,1.5,CHL_InsituProbeR,RFU
3/24/2017,5,0.73,Phycocyanin_InsituProbeR,RFU
3/24/2017,10,203,TP,ugL
3/24/2017,10,1150,TN,ugL
3/24/2017,10,1.35,CHL_InsituProbeR,RFU
3/24/2017,10,0.65,Phycocyanin_InsituProbeR,RFU
3/24/2017,15,1.3,CHL_InsituProbeR,RFU
3/24/2017,15,0.66,Phycocyanin_InsituProbeR,RFU
3/24/2017,20,205,TP,ugL
3/24/2017,20,1220,TN,ugL
3/24/2017,20,1.35,CHL_InsituProbeR,RFU
3/24/2017,20,0.66,Phycocyanin_InsituProbeR,RFU
3/24/2017,25,1.38,CHL_InsituProbeR,RFU
3/24/2017,25,0.7,Phycocyanin_InsituProbeR,RFU
3/24/2017,30,1.43,CHL_InsituProbeR,RFU
3/24/2017,30,0.7,Phycocyanin_InsituProbeR,RFU
3/24/2017,35,1.43,CHL_InsituProbeR,RFU
3/24/2017,35,0.63,Phycocyanin_InsituProbeR,RFU
3/24/2017,40,1.3,CHL_InsituProbeR,RFU
3/24/2017,40,0.6,Phycocyanin_InsituProbeR,RFU
3/24/2017,42,198,TP,ugL
3/24/2017,42,1130,TN,ugL
3/24/2017,44,1.37,CHL_InsituProbeR,RFU
3/24/2017,44,0.69,Phycocyanin_InsituProbeR,RFU
4/5/2017,0,227,TP,ugL
4/5/2017,0,1310,TN,ugL
4/5/2017,0,1.84,CHL_InsituProbeR,RFU
4/5/2017,0,1.18,Phycocyanin_InsituProbeR,RFU
4/5/2017,5,217,TP,ugL
4/5/2017,5,1320,TN,ugL
4/5/2017,5,2.02,CHL_InsituProbeR,RFU
4/5/2017,5,0.88,Phycocyanin_InsituProbeR,RFU
4/5/2017,10,215,TP,ugL
4/5/2017,10,1240,TN,ugL
4/5/2017,10,1.93,CHL_InsituProbeR,RFU
4/5/2017,10,0.84,Phycocyanin_InsituProbeR,RFU
4/5/2017,15,1.92,CHL_InsituProbeR,RFU
4/5/2017,15,0.92,Phycocyanin_InsituProbeR,RFU
4/5/2017,20,214,TP,ugL
4/5/2017,20,1290,TN,ugL
4/5/2017,20,1.9,CHL_InsituProbeR,RFU
4/5/2017,20,0.81,Phycocyanin_InsituProbeR,RFU
4/5/2017,25,1.8,CHL_InsituProbeR,RFU
4/5/2017,25,0.75,Phycocyanin_InsituProbeR,RFU
4/5/2017,30,1.63,CHL_InsituProbeR,RFU
4/5/2017,30,0.7,Phycocyanin_InsituProbeR,RFU
4/5/2017,35,1.57,CHL_InsituProbeR,RFU
4/5/2017,35,0.7,Phycocyanin_InsituProbeR,RFU
4/5/2017,40,1.58,CHL_InsituProbeR,RFU
4/5/2017,40,0.63,Phycocyanin_InsituProbeR,RFU
4/5/2017,46,204,TP,ugL
4/5/2017,46,1150,TN,ugL
4/5/2017,46,1.57,CHL_InsituProbeR,RFU
4/5/2017,46,0.64,Phycocyanin_InsituProbeR,RFU
4/13/2017,0,166,TP,ugL
4/13/2017,0,1150,TN,ugL
4/19/2017,0,173,TP,ugL
4/19/2017,0,1330,TN,ugL
4/25/2017,0,165,TP,ugL
4/25/2017,0,1190,TN,ugL
4/25/2017,0,0.69,CHL_InsituProbeR,RFU
4/25/2017,0,0.95,Phycocyanin_InsituProbeR,RFU
4/25/2017,5,158,TP,ugL
4/25/2017,5,1150,TN,ugL
4/25/2017,5,1.39,CHL_InsituProbeR,RFU
4/25/2017,5,0.65,Phycocyanin_InsituProbeR,RFU
4/25/2017,10,164,TP,ugL
4/25/2017,10,1200,TN,ugL
4/25/2017,10,1.52,CHL_InsituProbeR,RFU
4/25/2017,10,0.59,Phycocyanin_InsituProbeR,RFU
4/25/2017,15,1.33,CHL_InsituProbeR,RFU
4/25/2017,15,0.6,Phycocyanin_InsituProbeR,RFU
4/25/2017,20,161,TP,ugL
4/25/2017,20,1330,TN,ugL
4/25/2017,20,1.36,CHL_InsituProbeR,RFU
4/25/2017,20,0.61,Phycocyanin_InsituProbeR,RFU
4/25/2017,25,1.4,CHL_InsituProbeR,RFU
4/25/2017,25,0.63,Phycocyanin_InsituProbeR,RFU
4/25/2017,30,1.33,CHL_InsituProbeR,RFU
4/25/2017,30,0.67,Phycocyanin_InsituProbeR,RFU
4/25/2017,35,1.37,CHL_InsituProbeR,RFU
4/25/2017,35,0.6,Phycocyanin_InsituProbeR,RFU
4/25/2017,40,1.46,CHL_InsituProbeR,RFU
4/25/2017,40,0.54,Phycocyanin_InsituProbeR,RFU
4/25/2017,48,201,TP,ugL
4/25/2017,48,1280,TN,ugL
4/25/2017,48,1.49,CHL_InsituProbeR,RFU
4/25/2017,48,0.69,Phycocyanin_InsituProbeR,RFU
4/26/2017,0,165,TP,ugL
4/26/2017,0,1300,TN,ugL
5/3/2017,0,215,TP,ugL
5/3/2017,0,1199,TN,ugL
5/10/2017,0,275,TP,ugL
5/10/2017,0,1150,TN,ugL
5/16/2017,0,284,TP,ugL
5/16/2017,0,1170,TN,ugL
5/16/2017,0,1.13,CHL_InsituProbeR,RFU
5/16/2017,0,1.66,CHL_InsituProbeR,RFU
5/16/2017,0,1.57,CHL_InsituProbeR,RFU
5/16/2017,0,0.99,CHL_InsituProbeR,RFU
5/16/2017,0,0.8,CHL_InsituProbeR,RFU
5/16/2017,0,0.77,CHL_InsituProbeR,RFU
5/16/2017,0,0.77,CHL_InsituProbeR,RFU
5/16/2017,0,0.8,CHL_InsituProbeR,RFU
5/16/2017,0,0.8,CHL_InsituProbeR,RFU
5/16/2017,0,0.84,CHL_InsituProbeR,RFU
5/16/2017,0,0.33,Phycocyanin_InsituProbeR,RFU
5/16/2017,0,0.23,Phycocyanin_InsituProbeR,RFU
5/16/2017,0,0.15,Phycocyanin_InsituProbeR,RFU
5/16/2017,0,0.11,Phycocyanin_InsituProbeR,RFU
5/16/2017,0,0.09,Phycocyanin_InsituProbeR,RFU
5/16/2017,0,0.1,Phycocyanin_InsituProbeR,RFU
5/16/2017,0,0.09,Phycocyanin_InsituProbeR,RFU
5/16/2017,0,0.11,Phycocyanin_InsituProbeR,RFU
5/16/2017,0,0.11,Phycocyanin_InsituProbeR,RFU
5/16/2017,0,0.1,Phycocyanin_InsituProbeR,RFU
5/16/2017,5,281,TP,ugL
5/16/2017,5,1070,TN,ugL
5/16/2017,10,293,TP,ugL
5/16/2017,10,1040,TN,ugL
5/16/2017,20,285,TP,ugL
5/16/2017,20,1160,TN,ugL
5/16/2017,49,333,TP,ugL
5/16/2017,49,1130,TN,ugL
5/16/2017,49,0.81,CHL_InsituProbeR,RFU
5/16/2017,49,0.11,Phycocyanin_InsituProbeR,RFU
5/17/2017,0,246,TP,ugL
5/17/2017,0,1180,TN,ugL
5/24/2017,0,223,TP,ugL
5/24/2017,0,1250,TN,ugL
5/31/2017,0,165,TP,ugL
5/31/2017,0,1220,TN,ugL
6/2/2017,0,163,TP,ugL
6/2/2017,0,1110,TN,ugL
6/5/2017,0,184,TP,ugL
6/5/2017,0,2030,TN,ugL
6/6/2017,0,149,TP,ugL
6/6/2017,0,1110,TN,ugL
6/6/2017,0,1.94,CHL_InsituProbeR,RFU
6/6/2017,0,3.26,Phycocyanin_InsituProbeR,RFU
6/6/2017,0,38.534,CHLA,ugL
6/6/2017,0,29.626,CHLA,ugL
6/6/2017,0,31.561,CHLA,ugL
6/6/2017,0,48.24,CHLA,ugL
6/6/2017,5,146,TP,ugL
6/6/2017,5,1020,TN,ugL
6/6/2017,5,1.85,CHL_InsituProbeR,RFU
6/6/2017,5,2.23,Phycocyanin_InsituProbeR,RFU
6/6/2017,10,151,TP,ugL
6/6/2017,10,948,TN,ugL
6/6/2017,10,1.11,CHL_InsituProbeR,RFU
6/6/2017,10,0.21,Phycocyanin_InsituProbeR,RFU
6/6/2017,15,1.04,CHL_InsituProbeR,RFU
6/6/2017,15,0.13,Phycocyanin_InsituProbeR,RFU
6/6/2017,20,242,TP,ugL
6/6/2017,20,1350,TN,ugL
6/6/2017,20,3.9,CHL_InsituProbeR,RFU
6/6/2017,20,0.45,Phycocyanin_InsituProbeR,RFU
6/6/2017,25,1.33,CHL_InsituProbeR,RFU
6/6/2017,25,0.21,Phycocyanin_InsituProbeR,RFU
6/6/2017,30,1.13,CHL_InsituProbeR,RFU
6/6/2017,30,0.16,Phycocyanin_InsituProbeR,RFU
6/6/2017,35,1.5,CHL_InsituProbeR,RFU
6/6/2017,35,0.2,Phycocyanin_InsituProbeR,RFU
6/6/2017,40,1.54,CHL_InsituProbeR,RFU
6/6/2017,40,0.24,Phycocyanin_InsituProbeR,RFU
6/6/2017,45,1.29,CHL_InsituProbeR,RFU
6/6/2017,45,0.21,Phycocyanin_InsituProbeR,RFU
6/6/2017,48,1.21,CHL_InsituProbeR,RFU
6/6/2017,48,0.2,Phycocyanin_InsituProbeR,RFU
6/6/2017,49,277,TP,ugL
6/6/2017,49,1210,TN,ugL
6/7/2017,0,143,TP,ugL
6/7/2017,0,1240,TN,ugL
6/9/2017,0,160,TP,ugL
6/9/2017,0,1260,TN,ugL
6/14/2017,0,169,TP,ugL
6/14/2017,0,2230,TN,ugL
6/16/2017,0,183,TP,ugL
6/16/2017,0,2280,TN,ugL
6/19/2017,0,130,TP,ugL
6/19/2017,0,1680,TN,ugL
6/20/2017,0,127,TP,ugL
6/20/2017,0,1530,TN,ugL
6/20/2017,0,1.7,CHL_InsituProbeR,RFU
6/20/2017,0,6.81,Phycocyanin_InsituProbeR,RFU
6/20/2017,0,73.472,CHLA,ugL
6/20/2017,0,70.971,CHLA,ugL
6/20/2017,0,30.501,CHLA,ugL
6/20/2017,0,74.401,CHLA,ugL
6/20/2017,5,129,TP,ugL
6/20/2017,5,1440,TN,ugL
6/20/2017,5,1.94,CHL_InsituProbeR,RFU
6/20/2017,5,6.78,Phycocyanin_InsituProbeR,RFU
6/20/2017,10,132,TP,ugL
6/20/2017,10,1320,TN,ugL
6/20/2017,10,1.15,CHL_InsituProbeR,RFU
6/20/2017,10,2.81,Phycocyanin_InsituProbeR,RFU
6/20/2017,15,0.75,CHL_InsituProbeR,RFU
6/20/2017,15,0.68,Phycocyanin_InsituProbeR,RFU
6/20/2017,20,162,TP,ugL
6/20/2017,20,1290,TN,ugL
6/20/2017,20,0.64,CHL_InsituProbeR,RFU
6/20/2017,20,0.23,Phycocyanin_InsituProbeR,RFU
6/20/2017,25,0.73,CHL_InsituProbeR,RFU
6/20/2017,25,0.21,Phycocyanin_InsituProbeR,RFU
6/20/2017,30,0.7,CHL_InsituProbeR,RFU
6/20/2017,30,0.2,Phycocyanin_InsituProbeR,RFU
6/20/2017,35,0.7,CHL_InsituProbeR,RFU
6/20/2017,35,0.2,Phycocyanin_InsituProbeR,RFU
6/20/2017,40,0.77,CHL_InsituProbeR,RFU
6/20/2017,40,0.17,Phycocyanin_InsituProbeR,RFU
6/20/2017,47,0.79,CHL_InsituProbeR,RFU
6/20/2017,47,0.18,Phycocyanin_InsituProbeR,RFU
6/20/2017,49,268,TP,ugL
6/20/2017,49,1210,TN,ugL
6/21/2017,0,117,TP,ugL
6/21/2017,0,1380,TN,ugL
6/30/2017,0,153,TP,ugL
6/30/2017,0,1450,TN,ugL
7/5/2017,0,159,TP,ugL
7/5/2017,0,1610,TN,ugL
7/12/2017,0,155,TP,ugL
7/12/2017,0,1300,TN,ugL
7/19/2017,0,92,TP,ugL
7/19/2017,0,1150,TN,ugL
7/20/2017,0,102,TP,ugL
7/20/2017,0,1320,TN,ugL
7/20/2017,0,2.08,CHL_InsituProbeR,RFU
7/20/2017,0,3.73,Phycocyanin_InsituProbeR,RFU
7/20/2017,5,107,TP,ugL
7/20/2017,5,1510,TN,ugL
7/20/2017,5,2.28,CHL_InsituProbeR,RFU
7/20/2017,5,3.69,Phycocyanin_InsituProbeR,RFU
7/20/2017,10,129,TP,ugL
7/20/2017,10,1150,TN,ugL
7/20/2017,10,1.48,CHL_InsituProbeR,RFU
7/20/2017,10,3.29,Phycocyanin_InsituProbeR,RFU
7/20/2017,15,0.85,CHL_InsituProbeR,RFU
7/20/2017,15,1.62,Phycocyanin_InsituProbeR,RFU
7/20/2017,20,161,TP,ugL
7/20/2017,20,1390,TN,ugL
7/20/2017,20,0.69,CHL_InsituProbeR,RFU
7/20/2017,20,0.46,Phycocyanin_InsituProbeR,RFU
7/20/2017,26,0.74,CHL_InsituProbeR,RFU
7/20/2017,26,0.33,Phycocyanin_InsituProbeR,RFU
7/20/2017,31,0.78,CHL_InsituProbeR,RFU
7/20/2017,31,0.26,Phycocyanin_InsituProbeR,RFU
7/20/2017,36,0.78,CHL_InsituProbeR,RFU
7/20/2017,36,0.21,Phycocyanin_InsituProbeR,RFU
7/20/2017,42,0.78,CHL_InsituProbeR,RFU
7/20/2017,42,0.77,CHL_InsituProbeR,RFU
7/20/2017,42,0.2,Phycocyanin_InsituProbeR,RFU
7/20/2017,42,0.19,Phycocyanin_InsituProbeR,RFU
7/20/2017,48,326,TP,ugL
7/20/2017,48,2010,TN,ugL
7/20/2017,48,0.77,CHL_InsituProbeR,RFU
7/20/2017,48,0.3,Phycocyanin_InsituProbeR,RFU
7/26/2017,0,87,TP,ugL
7/26/2017,0,1230,TN,ugL
8/2/2017,0,114,TP,ugL
8/2/2017,0,1700,TN,ugL
8/3/2017,0,100,TP,ugL
8/3/2017,0,1310,TN,ugL
8/3/2017,0,2.58,CHL_InsituProbeR,RFU
8/3/2017,0,6.37,Phycocyanin_InsituProbeR,RFU
8/3/2017,0,89.638,CHLA,ugL
8/3/2017,5,1360,TN,ugL
8/3/2017,5,2.42,CHL_InsituProbeR,RFU
8/3/2017,5,6.13,Phycocyanin_InsituProbeR,RFU
8/3/2017,5,86.757,CHLA,ugL
8/3/2017,10,90,TP,ugL
8/3/2017,10,1310,TN,ugL
8/3/2017,10,1.72,CHL_InsituProbeR,RFU
8/3/2017,10,5.01,Phycocyanin_InsituProbeR,RFU
8/3/2017,10,76.197,CHLA,ugL
8/3/2017,15,0.82,CHL_InsituProbeR,RFU
8/3/2017,15,0.96,Phycocyanin_InsituProbeR,RFU
8/3/2017,20,142,TP,ugL
8/3/2017,20,836,TN,ugL
8/3/2017,20,0.65,CHL_InsituProbeR,RFU
8/3/2017,20,0.25,Phycocyanin_InsituProbeR,RFU
8/3/2017,20,9.443,CHLA,ugL
8/3/2017,25,0.68,CHL_InsituProbeR,RFU
8/3/2017,25,0.2,Phycocyanin_InsituProbeR,RFU
8/3/2017,30,0.72,CHL_InsituProbeR,RFU
8/3/2017,30,0.18,Phycocyanin_InsituProbeR,RFU
8/3/2017,35,0.75,CHL_InsituProbeR,RFU
8/3/2017,35,0.14,Phycocyanin_InsituProbeR,RFU
8/3/2017,40,0.75,CHL_InsituProbeR,RFU
8/3/2017,40,0.12,Phycocyanin_InsituProbeR,RFU
8/3/2017,44,0.74,CHL_InsituProbeR,RFU
8/3/2017,44,0.16,Phycocyanin_InsituProbeR,RFU
8/3/2017,47,0.75,CHL_InsituProbeR,RFU
8/3/2017,47,0.23,Phycocyanin_InsituProbeR,RFU
8/3/2017,48,266,TP,ugL
8/3/2017,48,1550,TN,ugL
8/9/2017,0,92,TP,ugL
8/9/2017,0,1020,TN,ugL
8/16/2017,0,146,TP,ugL
8/16/2017,0,989,TN,ugL
8/30/2017,0,88,TP,ugL
8/30/2017,0,814,TN,ugL
9/12/2017,0,98,TP,ugL
9/12/2017,0,859,TN,ugL
9/12/2017,0,1.97,CHL_InsituProbeR,RFU
9/12/2017,0,1.68,Phycocyanin_InsituProbeR,RFU
9/12/2017,0,20.473,CHLA,ugL
9/12/2017,5,92,TP,ugL
9/12/2017,5,825,TN,ugL
9/12/2017,5,2.18,CHL_InsituProbeR,RFU
9/12/2017,5,1.65,Phycocyanin_InsituProbeR,RFU
9/12/2017,5,21.566,CHLA,ugL
9/12/2017,10,102,TP,ugL
9/12/2017,10,854,TN,ugL
9/12/2017,10,2.32,CHL_InsituProbeR,RFU
9/12/2017,10,1.59,Phycocyanin_InsituProbeR,RFU
9/12/2017,10,20.905,CHLA,ugL
9/12/2017,14,2.02,CHL_InsituProbeR,RFU
9/12/2017,14,1.51,Phycocyanin_InsituProbeR,RFU
9/12/2017,19,2.02,CHL_InsituProbeR,RFU
9/12/2017,19,1.46,Phycocyanin_InsituProbeR,RFU
9/12/2017,20,100,TP,ugL
9/12/2017,20,787,TN,ugL
9/12/2017,20,20.695,CHLA,ugL
9/12/2017,24,2.16,CHL_InsituProbeR,RFU
9/12/2017,24,1.49,Phycocyanin_InsituProbeR,RFU
9/12/2017,29,2.17,CHL_InsituProbeR,RFU
9/12/2017,29,1.51,Phycocyanin_InsituProbeR,RFU
9/12/2017,34,1.96,CHL_InsituProbeR,RFU
9/12/2017,34,1.52,Phycocyanin_InsituProbeR,RFU
9/12/2017,39,1.63,CHL_InsituProbeR,RFU
9/12/2017,39,1.45,Phycocyanin_InsituProbeR,RFU
9/12/2017,45,0.72,CHL_InsituProbeR,RFU
9/12/2017,45,0.27,Phycocyanin_InsituProbeR,RFU
9/12/2017,47,249,TP,ugL
9/12/2017,47,1440,TN,ugL
9/15/2017,0,100,TP,ugL
9/15/2017,0,916,TN,ugL
9/27/2017,0,65,TP,ugL
9/27/2017,0,960,TN,ugL
10/3/2017,0,86,TP,ugL
10/3/2017,0,807,TN,ugL
10/3/2017,0,4.37,CHL_InsituProbeR,RFU
10/3/2017,0,2.39,Phycocyanin_InsituProbeR,RFU
10/3/2017,0,34.919,CHLA,ugL
10/3/2017,5,82,TP,ugL
10/3/2017,5,795,TN,ugL
10/3/2017,5,4.47,CHL_InsituProbeR,RFU
10/3/2017,5,2.18,Phycocyanin_InsituProbeR,RFU
10/3/2017,5,35.557,CHLA,ugL
10/3/2017,10,74,TP,ugL
10/3/2017,10,738,TN,ugL
10/3/2017,10,3.58,CHL_InsituProbeR,RFU
10/3/2017,10,1.92,Phycocyanin_InsituProbeR,RFU
10/3/2017,10,24.337,CHLA,ugL
10/3/2017,15,2.64,CHL_InsituProbeR,RFU
10/3/2017,15,1.61,Phycocyanin_InsituProbeR,RFU
10/3/2017,20,81,TP,ugL
10/3/2017,20,722,TN,ugL
10/3/2017,20,2.17,CHL_InsituProbeR,RFU
10/3/2017,20,1.42,Phycocyanin_InsituProbeR,RFU
10/3/2017,20,19.569,CHLA,ugL
10/3/2017,25,1.75,CHL_InsituProbeR,RFU
10/3/2017,25,1.2,Phycocyanin_InsituProbeR,RFU
10/3/2017,30,1.49,CHL_InsituProbeR,RFU
10/3/2017,30,1.01,Phycocyanin_InsituProbeR,RFU
10/3/2017,34,1.05,CHL_InsituProbeR,RFU
10/3/2017,34,0.64,Phycocyanin_InsituProbeR,RFU
10/3/2017,40,0.72,CHL_InsituProbeR,RFU
10/3/2017,40,0.33,Phycocyanin_InsituProbeR,RFU
10/3/2017,44,0.69,CHL_InsituProbeR,RFU
10/3/2017,44,0.25,Phycocyanin_InsituProbeR,RFU
10/3/2017,46,211,TP,ugL
10/3/2017,46,1190,TN,ugL
10/24/2017,0,120,TP,ugL
10/24/2017,0,977,TN,ugL
10/24/2017,0,1.17,CHL_InsituProbeR,RFU
10/24/2017,0,0.43,Phycocyanin_InsituProbeR,RFU
10/24/2017,0,7.556,CHLA,ugL
10/24/2017,5,121,TP,ugL
10/24/2017,5,975,TN,ugL
10/24/2017,5,1.16,CHL_InsituProbeR,RFU
10/24/2017,5,0.37,Phycocyanin_InsituProbeR,RFU
10/24/2017,5,8.18,CHLA,ugL
10/24/2017,10,126,TP,ugL
10/24/2017,10,993,TN,ugL
10/24/2017,10,1.19,CHL_InsituProbeR,RFU
10/24/2017,10,0.36,Phycocyanin_InsituProbeR,RFU
10/24/2017,10,8.228,CHLA,ugL
10/24/2017,15,1.21,CHL_InsituProbeR,RFU
10/24/2017,15,0.34,Phycocyanin_InsituProbeR,RFU
10/24/2017,20,123,TP,ugL
10/24/2017,20,931,TN,ugL
10/24/2017,20,1.25,CHL_InsituProbeR,RFU
10/24/2017,20,0.36,Phycocyanin_InsituProbeR,RFU
10/24/2017,20,6.462,CHLA,ugL
10/24/2017,25,1.24,CHL_InsituProbeR,RFU
10/24/2017,25,0.33,Phycocyanin_InsituProbeR,RFU
10/24/2017,30,1.23,CHL_InsituProbeR,RFU
10/24/2017,30,0.34,Phycocyanin_InsituProbeR,RFU
10/24/2017,35,1.33,CHL_InsituProbeR,RFU
10/24/2017,35,0.36,Phycocyanin_InsituProbeR,RFU
10/24/2017,40,1.29,CHL_InsituProbeR,RFU
10/24/2017,40,0.36,Phycocyanin_InsituProbeR,RFU
10/24/2017,46,125,TP,ugL
10/24/2017,46,948,TN,ugL
10/24/2017,46,1.36,CHL_InsituProbeR,RFU
10/24/2017,46,0.39,Phycocyanin_InsituProbeR,RFU
11/14/2017,0,148,TP,ugL
11/14/2017,0,1170,TN,ugL
11/14/2017,0,0.63,CHL_InsituProbeR,RFU
11/14/2017,0,0.26,Phycocyanin_InsituProbeR,RFU
11/14/2017,0,2.596,CHLA,ugL
11/14/2017,5,152,TP,ugL
11/14/2017,5,1170,TN,ugL
11/14/2017,5,0.67,CHL_InsituProbeR,RFU
11/14/2017,5,0.24,Phycocyanin_InsituProbeR,RFU
11/14/2017,5,2.563,CHLA,ugL
11/14/2017,10,146,TP,ugL
11/14/2017,10,1380,TN,ugL
11/14/2017,10,0.72,CHL_InsituProbeR,RFU
11/14/2017,10,0.25,Phycocyanin_InsituProbeR,RFU
11/14/2017,10,2.845,CHLA,ugL
11/14/2017,15,0.7,CHL_InsituProbeR,RFU
11/14/2017,15,0.23,Phycocyanin_InsituProbeR,RFU
11/14/2017,20,148,TP,ugL
11/14/2017,20,1170,TN,ugL
11/14/2017,20,0.71,CHL_InsituProbeR,RFU
11/14/2017,20,0.24,Phycocyanin_InsituProbeR,RFU
11/14/2017,20,2.319,CHLA,ugL
11/14/2017,25,0.73,CHL_InsituProbeR,RFU
11/14/2017,25,0.24,Phycocyanin_InsituProbeR,RFU
11/14/2017,30,0.73,CHL_InsituProbeR,RFU
11/14/2017,30,0.27,Phycocyanin_InsituProbeR,RFU
11/14/2017,34,0.7,CHL_InsituProbeR,RFU
11/14/2017,34,0.24,Phycocyanin_InsituProbeR,RFU
11/14/2017,39,0.74,CHL_InsituProbeR,RFU
11/14/2017,39,0.25,Phycocyanin_InsituProbeR,RFU
11/14/2017,44,0.69,CHL_InsituProbeR,RFU
11/14/2017,44,0.25,Phycocyanin_InsituProbeR,RFU
11/14/2017,46,0.71,CHL_InsituProbeR,RFU
11/14/2017,46,0.26,Phycocyanin_InsituProbeR,RFU
11/14/2017,47,147,TP,ugL
11/14/2017,47,1240,TN,ugL
3/27/2018,0,142,TP,ugL
3/27/2018,0,988,TN,ugL
3/27/2018,0,0.71,CHL_InsituProbeR,RFU
3/27/2018,0,0.37,Phycocyanin_InsituProbeR,RFU
3/27/2018,0,1.933,CHLA,ugL
3/27/2018,5,142,TP,ugL
3/27/2018,5,1030,TN,ugL
3/27/2018,5,0.73,CHL_InsituProbeR,RFU
3/27/2018,5,0.33,Phycocyanin_InsituProbeR,RFU
3/27/2018,5,1.517,CHLA,ugL
3/27/2018,10,142,TP,ugL
3/27/2018,10,1040,TN,ugL
3/27/2018,10,0.72,CHL_InsituProbeR,RFU
3/27/2018,10,0.32,Phycocyanin_InsituProbeR,RFU
3/27/2018,10,1.503,CHLA,ugL
3/27/2018,15,0.72,CHL_InsituProbeR,RFU
3/27/2018,15,0.31,Phycocyanin_InsituProbeR,RFU
3/27/2018,20,141,TP,ugL
3/27/2018,20,1050,TN,ugL
3/27/2018,20,0.72,CHL_InsituProbeR,RFU
3/27/2018,20,0.32,Phycocyanin_InsituProbeR,RFU
3/27/2018,20,1.667,CHLA,ugL
3/27/2018,25,0.71,CHL_InsituProbeR,RFU
3/27/2018,25,0.35,Phycocyanin_InsituProbeR,RFU
3/27/2018,30,0.71,CHL_InsituProbeR,RFU
3/27/2018,30,0.33,Phycocyanin_InsituProbeR,RFU
3/27/2018,35,0.71,CHL_InsituProbeR,RFU
3/27/2018,35,0.32,Phycocyanin_InsituProbeR,RFU
3/27/2018,40,0.68,CHL_InsituProbeR,RFU
3/27/2018,40,0.31,Phycocyanin_InsituProbeR,RFU
3/27/2018,46,0.62,CHL_InsituProbeR,RFU
3/27/2018,46,0.3,Phycocyanin_InsituProbeR,RFU
3/27/2018,46.5,151,TP,ugL
3/27/2018,46.5,1010,TN,ugL
4/13/2018,0,201,TP,ugL
4/13/2018,0,1140,TN,ugL
4/24/2018,0,189,TP,ugL
4/24/2018,0,1010,TN,ugL
4/24/2018,0,3.48,CHL_InsituProbeR,RFU
4/24/2018,0,0.95,Phycocyanin_InsituProbeR,RFU
4/24/2018,0,19.686,CHLA,ugL
4/24/2018,5,190,TP,ugL
4/24/2018,5,1010,TN,ugL
4/24/2018,5,3.19,CHL_InsituProbeR,RFU
4/24/2018,5,0.87,Phycocyanin_InsituProbeR,RFU
4/24/2018,5,19.262,CHLA,ugL
4/24/2018,10,186,TP,ugL
4/24/2018,10,1030,TN,ugL
4/24/2018,10,3.13,CHL_InsituProbeR,RFU
4/24/2018,10,0.84,Phycocyanin_InsituProbeR,RFU
4/24/2018,10,16.685,CHLA,ugL
4/24/2018,15,2.59,CHL_InsituProbeR,RFU
4/24/2018,15,0.7,Phycocyanin_InsituProbeR,RFU
4/24/2018,20,175,TP,ugL
4/24/2018,20,1020,TN,ugL
4/24/2018,20,0.76,CHL_InsituProbeR,RFU
4/24/2018,20,0.31,Phycocyanin_InsituProbeR,RFU
4/24/2018,20,3.127,CHLA,ugL
4/24/2018,25,0.68,CHL_InsituProbeR,RFU
4/24/2018,25,0.3,Phycocyanin_InsituProbeR,RFU
4/24/2018,30,0.64,CHL_InsituProbeR,RFU
4/24/2018,30,0.28,Phycocyanin_InsituProbeR,RFU
4/24/2018,35,0.62,CHL_InsituProbeR,RFU
4/24/2018,35,0.29,Phycocyanin_InsituProbeR,RFU
4/24/2018,40,0.63,CHL_InsituProbeR,RFU
4/24/2018,40,0.28,Phycocyanin_InsituProbeR,RFU
4/24/2018,49,179,TP,ugL
4/24/2018,49,1030,TN,ugL
4/24/2018,49,0.63,CHL_InsituProbeR,RFU
4/24/2018,49,0.3,Phycocyanin_InsituProbeR,RFU
4/27/2018,0,148,TP,ugL
4/27/2018,0,1050,TN,ugL
5/4/2018,0,162,TP,ugL
5/4/2018,0,1160,TN,ugL
5/11/2018,0,98,TP,ugL
5/11/2018,0,956,TN,ugL
5/16/2018,0,82,TP,ugL
5/16/2018,0,631,TN,ugL
5/16/2018,0,3.69,CHL_InsituProbeR,RFU
5/16/2018,0,0.64,Phycocyanin_InsituProbeR,RFU
5/16/2018,0,15.444,CHLA,ugL
5/16/2018,5,71,TP,ugL
5/16/2018,5,591,TN,ugL
5/16/2018,5,4.29,CHL_InsituProbeR,RFU
5/16/2018,5,0.66,Phycocyanin_InsituProbeR,RFU
5/16/2018,5,17.064,CHLA,ugL
5/16/2018,10,90,TP,ugL
5/16/2018,10,632,TN,ugL
5/16/2018,10,2.7,CHL_InsituProbeR,RFU
5/16/2018,10,0.41,Phycocyanin_InsituProbeR,RFU
5/16/2018,10,13.523,CHLA,ugL
5/16/2018,15,1.54,CHL_InsituProbeR,RFU
5/16/2018,15,0.27,Phycocyanin_InsituProbeR,RFU
5/16/2018,20,120,TP,ugL
5/16/2018,20,785,TN,ugL
5/16/2018,20,0.87,CHL_InsituProbeR,RFU
5/16/2018,20,0.28,Phycocyanin_InsituProbeR,RFU
5/16/2018,20,2.72,CHLA,ugL
5/16/2018,25,0.84,CHL_InsituProbeR,RFU
5/16/2018,25,0.31,Phycocyanin_InsituProbeR,RFU
5/16/2018,30,0.78,CHL_InsituProbeR,RFU
5/16/2018,30,0.3,Phycocyanin_InsituProbeR,RFU
5/16/2018,35,0.77,CHL_InsituProbeR,RFU
5/16/2018,35,0.31,Phycocyanin_InsituProbeR,RFU
5/16/2018,40,0.72,CHL_InsituProbeR,RFU
5/16/2018,40,0.31,Phycocyanin_InsituProbeR,RFU
5/16/2018,49,156,TP,ugL
5/16/2018,49,1020,TN,ugL
5/16/2018,49,0.73,CHL_InsituProbeR,RFU
5/16/2018,49,0.35,Phycocyanin_InsituProbeR,RFU
5/18/2018,0,70,TP,ugL
5/18/2018,0,619,TN,ugL
5/25/2018,0,98,TP,ugL
5/25/2018,0,660,TN,ugL
5/29/2018,0,67,TP,ugL
5/29/2018,0,741,TN,ugL
5/29/2018,0,71,TP,ugL
5/29/2018,0,736,TN,ugL
5/29/2018,0,3.09,CHL_InsituProbeR,RFU
5/29/2018,0,1.68,Phycocyanin_InsituProbeR,RFU
5/29/2018,0,26.413,CHLA,ugL
5/29/2018,5,74,TP,ugL
5/29/2018,5,666,TN,ugL
5/29/2018,5,3.03,CHL_InsituProbeR,RFU
5/29/2018,5,1.48,Phycocyanin_InsituProbeR,RFU
5/29/2018,5,24.767,CHLA,ugL
5/29/2018,10,81,TP,ugL
5/29/2018,10,713,TN,ugL
5/29/2018,10,1.29,CHL_InsituProbeR,RFU
5/29/2018,10,0.92,Phycocyanin_InsituProbeR,RFU
5/29/2018,10,16.483,CHLA,ugL
5/29/2018,15,0.78,CHL_InsituProbeR,RFU
5/29/2018,15,0.43,Phycocyanin_InsituProbeR,RFU
5/29/2018,20,147,TP,ugL
5/29/2018,20,1020,TN,ugL
5/29/2018,20,0.54,CHL_InsituProbeR,RFU
5/29/2018,20,0.08,Phycocyanin_InsituProbeR,RFU
5/29/2018,20,1.624,CHLA,ugL
5/29/2018,25,0.53,CHL_InsituProbeR,RFU
5/29/2018,25,0.08,Phycocyanin_InsituProbeR,RFU
5/29/2018,30,0.56,CHL_InsituProbeR,RFU
5/29/2018,30,0.13,Phycocyanin_InsituProbeR,RFU
5/29/2018,35,0.57,CHL_InsituProbeR,RFU
5/29/2018,35,0.16,Phycocyanin_InsituProbeR,RFU
5/29/2018,40,0.58,CHL_InsituProbeR,RFU
5/29/2018,40,0.15,Phycocyanin_InsituProbeR,RFU
5/29/2018,45,0.6,CHL_InsituProbeR,RFU
5/29/2018,45,0.17,Phycocyanin_InsituProbeR,RFU
5/29/2018,50,0.59,CHL_InsituProbeR,RFU
5/29/2018,50,0.21,Phycocyanin_InsituProbeR,RFU
5/29/2018,52,159,TP,ugL
5/29/2018,52,1000,TN,ugL
5/29/2018,52,0.61,CHL_InsituProbeR,RFU
5/29/2018,52,0.24,Phycocyanin_InsituProbeR,RFU
6/1/2018,0,101,TP,ugL
6/1/2018,0,975,TN,ugL
6/5/2018,0,99,TP,ugL
6/5/2018,0,1090,TN,ugL
6/8/2018,0,103,TP,ugL
6/8/2018,0,1180,TN,ugL
6/12/2018,0,106,TP,ugL
6/12/2018,0,1040,TN,ugL
6/14/2018,0,101,TP,ugL
6/14/2018,0,1040,TN,ugL
6/14/2018,0,4.85,CHL_InsituProbeR,RFU
6/14/2018,0,4.23,Phycocyanin_InsituProbeR,RFU
6/14/2018,0,56.427,CHLA,ugL
6/14/2018,5,98,TP,ugL
6/14/2018,5,944,TN,ugL
6/14/2018,5,4.79,CHL_InsituProbeR,RFU
6/14/2018,5,4.17,Phycocyanin_InsituProbeR,RFU
6/14/2018,5,64.761,CHLA,ugL
6/14/2018,10,101,TP,ugL
6/14/2018,10,857,TN,ugL
6/14/2018,10,3.01,CHL_InsituProbeR,RFU
6/14/2018,10,2.89,Phycocyanin_InsituProbeR,RFU
6/14/2018,10,49.065,CHLA,ugL
6/14/2018,15,2.13,CHL_InsituProbeR,RFU
6/14/2018,15,1.9,Phycocyanin_InsituProbeR,RFU
6/14/2018,20,203,TP,ugL
6/14/2018,20,1130,TN,ugL
6/14/2018,20,0.73,CHL_InsituProbeR,RFU
6/14/2018,20,0.23,Phycocyanin_InsituProbeR,RFU
6/14/2018,20,9.481,CHLA,ugL
6/14/2018,25,0.71,CHL_InsituProbeR,RFU
6/14/2018,25,0.22,Phycocyanin_InsituProbeR,RFU
6/14/2018,30,0.58,CHL_InsituProbeR,RFU
6/14/2018,30,0.16,Phycocyanin_InsituProbeR,RFU
6/14/2018,35,0.59,CHL_InsituProbeR,RFU
6/14/2018,35,0.16,Phycocyanin_InsituProbeR,RFU
6/14/2018,40,0.62,CHL_InsituProbeR,RFU
6/14/2018,40,0.17,Phycocyanin_InsituProbeR,RFU
6/14/2018,45,0.61,CHL_InsituProbeR,RFU
6/14/2018,45,0.19,Phycocyanin_InsituProbeR,RFU
6/14/2018,51,155,TP,ugL
6/14/2018,51,920,TN,ugL
6/14/2018,51,0.61,CHL_InsituProbeR,RFU
6/14/2018,51,0.25,Phycocyanin_InsituProbeR,RFU
6/15/2018,0,108,TP,ugL
6/15/2018,0,1140,TN,ugL
6/19/2018,0,92,TP,ugL
6/19/2018,0,1280,TN,ugL
6/20/2018,0,98,TP,ugL
6/20/2018,0,1110,TN,ugL
6/20/2018,0,4.28,CHL_InsituProbeR,RFU
6/20/2018,0,4.62,Phycocyanin_InsituProbeR,RFU
6/20/2018,0,70.34,CHLA,ugL
6/20/2018,5,92,TP,ugL
6/20/2018,5,1030,TN,ugL
6/20/2018,5,3.27,CHL_InsituProbeR,RFU
6/20/2018,5,4.14,Phycocyanin_InsituProbeR,RFU
6/20/2018,5,60.769,CHLA,ugL
6/20/2018,10,88,TP,ugL
6/20/2018,10,952,TN,ugL
6/20/2018,10,1.33,CHL_InsituProbeR,RFU
6/20/2018,10,1.13,Phycocyanin_InsituProbeR,RFU
6/20/2018,10,43.05,CHLA,ugL
6/20/2018,15,0.85,CHL_InsituProbeR,RFU
6/20/2018,15,0.54,Phycocyanin_InsituProbeR,RFU
6/20/2018,20,176,TP,ugL
6/20/2018,20,1370,TN,ugL
6/20/2018,20,0.69,CHL_InsituProbeR,RFU
6/20/2018,20,0.2,Phycocyanin_InsituProbeR,RFU
6/20/2018,20,3.558,CHLA,ugL
6/20/2018,25,0.72,CHL_InsituProbeR,RFU
6/20/2018,25,0.22,Phycocyanin_InsituProbeR,RFU
6/20/2018,30,0.65,CHL_InsituProbeR,RFU
6/20/2018,30,0.18,Phycocyanin_InsituProbeR,RFU
6/20/2018,35,0.63,CHL_InsituProbeR,RFU
6/20/2018,35,0.17,Phycocyanin_InsituProbeR,RFU
6/20/2018,40,0.63,CHL_InsituProbeR,RFU
6/20/2018,40,0.24,Phycocyanin_InsituProbeR,RFU
6/20/2018,45,0.63,CHL_InsituProbeR,RFU
6/20/2018,45,0.26,Phycocyanin_InsituProbeR,RFU
6/20/2018,50,169,TP,ugL
6/20/2018,50,947,TN,ugL
6/20/2018,50,0.63,CHL_InsituProbeR,RFU
6/20/2018,50,0.27,Phycocyanin_InsituProbeR,RFU
6/22/2018,0,80,TP,ugL
6/22/2018,0,1410,TN,ugL
6/26/2018,0,81,TP,ugL
6/26/2018,0,1280,TN,ugL
6/29/2018,0,60,TP,ugL
6/29/2018,0,1150,TN,ugL
7/3/2018,0,70,TP,ugL
7/3/2018,0,1320,TN,ugL
7/6/2018,0,77,TP,ugL
7/6/2018,0,1210,TN,ugL
7/10/2018,0,92,TP,ugL
7/10/2018,0,1340,TN,ugL
7/12/2018,0,92,TP,ugL
7/12/2018,0,1460,TN,ugL
7/12/2018,0,4.06,CHL_InsituProbeR,RFU
7/12/2018,0,4.35,Phycocyanin_InsituProbeR,RFU
7/12/2018,0,82.631,CHLA,ugL
7/12/2018,5,98,TP,ugL
7/12/2018,5,1270,TN,ugL
7/12/2018,5,3.61,CHL_InsituProbeR,RFU
7/12/2018,5,4.27,Phycocyanin_InsituProbeR,RFU
7/12/2018,5,51.558,CHLA,ugL
7/12/2018,10,66,TP,ugL
7/12/2018,10,996,TN,ugL
7/12/2018,10,1.94,CHL_InsituProbeR,RFU
7/12/2018,10,2.47,Phycocyanin_InsituProbeR,RFU
7/12/2018,10,22.734,CHLA,ugL
7/12/2018,15,1.06,CHL_InsituProbeR,RFU
7/12/2018,15,1.41,Phycocyanin_InsituProbeR,RFU
7/12/2018,20,114,TP,ugL
7/12/2018,20,1070,TN,ugL
7/12/2018,20,0.67,CHL_InsituProbeR,RFU
7/12/2018,20,0.23,Phycocyanin_InsituProbeR,RFU
7/12/2018,20,7.138,CHLA,ugL
7/12/2018,25,0.7,CHL_InsituProbeR,RFU
7/12/2018,25,0.18,Phycocyanin_InsituProbeR,RFU
7/12/2018,30,0.74,CHL_InsituProbeR,RFU
7/12/2018,30,0.15,Phycocyanin_InsituProbeR,RFU
7/12/2018,35,0.72,CHL_InsituProbeR,RFU
7/12/2018,35,0.17,Phycocyanin_InsituProbeR,RFU
7/12/2018,40,0.71,CHL_InsituProbeR,RFU
7/12/2018,40,0.2,Phycocyanin_InsituProbeR,RFU
7/12/2018,45,0.73,CHL_InsituProbeR,RFU
7/12/2018,45,0.26,Phycocyanin_InsituProbeR,RFU
7/12/2018,50,0.72,CHL_InsituProbeR,RFU
7/12/2018,50,0.29,Phycocyanin_InsituProbeR,RFU
7/12/2018,52,196,TP,ugL
7/12/2018,52,831,TN,ugL
7/12/2018,52,0.69,CHL_InsituProbeR,RFU
7/12/2018,52,0.34,Phycocyanin_InsituProbeR,RFU
7/13/2018,0,85,TP,ugL
7/13/2018,0,1300,TN,ugL
7/17/2018,0,86,TP,ugL
7/17/2018,0,1170,TN,ugL
7/24/2018,0,67,TP,ugL
7/24/2018,0,971,TN,ugL
7/27/2018,0,77,TP,ugL
7/27/2018,0,1090,TN,ugL
8/2/2018,0,85,TP,ugL
8/2/2018,0,1080,TN,ugL
8/2/2018,0,4.07,CHL_InsituProbeR,RFU
8/2/2018,0,2.27,Phycocyanin_InsituProbeR,RFU
8/2/2018,0,45.419,CHLA,ugL
8/2/2018,5,64,TP,ugL
8/2/2018,5,914,TN,ugL
8/2/2018,5,3.69,CHL_InsituProbeR,RFU
8/2/2018,5,2.25,Phycocyanin_InsituProbeR,RFU
8/2/2018,5,39.114,CHLA,ugL
8/2/2018,10,56,TP,ugL
8/2/2018,10,791,TN,ugL
8/2/2018,10,2.4,CHL_InsituProbeR,RFU
8/2/2018,10,1.95,Phycocyanin_InsituProbeR,RFU
8/2/2018,10,32.04,CHLA,ugL
8/2/2018,15,1.7,CHL_InsituProbeR,RFU
8/2/2018,15,1.25,Phycocyanin_InsituProbeR,RFU
8/2/2018,20,101,TP,ugL
8/2/2018,20,0.86,CHL_InsituProbeR,RFU
8/2/2018,20,0.44,Phycocyanin_InsituProbeR,RFU
8/2/2018,20,15.656,CHLA,ugL
8/2/2018,25,0.78,CHL_InsituProbeR,RFU
8/2/2018,25,0.25,Phycocyanin_InsituProbeR,RFU
8/2/2018,30,0.83,CHL_InsituProbeR,RFU
8/2/2018,30,0.12,Phycocyanin_InsituProbeR,RFU
8/2/2018,35,0.77,CHL_InsituProbeR,RFU
8/2/2018,35,0.08,Phycocyanin_InsituProbeR,RFU
8/2/2018,40,0.71,CHL_InsituProbeR,RFU
8/2/2018,40,0.1,Phycocyanin_InsituProbeR,RFU
8/2/2018,45,0.69,CHL_InsituProbeR,RFU
8/2/2018,45,0.15,Phycocyanin_InsituProbeR,RFU
8/2/2018,51,317,TP,ugL
8/2/2018,51,0.68,CHL_InsituProbeR,RFU
8/2/2018,51,0.3,Phycocyanin_InsituProbeR,RFU
8/3/2018,0,83,TP,ugL
8/3/2018,0,967,TN,ugL
8/10/2018,0,46,TP,ugL
8/10/2018,0,824,TN,ugL
8/24/2018,0,66,TP,ugL
8/24/2018,0,864,TN,ugL
9/6/2018,0,66,TP,ugL
9/6/2018,0,848,TN,ugL
9/6/2018,0,2.77,CHL_InsituProbeR,RFU
9/6/2018,0,1.3,Phycocyanin_InsituProbeR,RFU
9/6/2018,0,25.774,CHLA,ugL
9/6/2018,5,56,TP,ugL
9/6/2018,5,737,TN,ugL
9/6/2018,5,3.18,CHL_InsituProbeR,RFU
9/6/2018,5,1.48,Phycocyanin_InsituProbeR,RFU
9/6/2018,5,22.246,CHLA,ugL
9/6/2018,10,49,TP,ugL
9/6/2018,10,604,TN,ugL
9/6/2018,10,1.64,CHL_InsituProbeR,RFU
9/6/2018,10,1.2,Phycocyanin_InsituProbeR,RFU
9/6/2018,10,18.421,CHLA,ugL
9/6/2018,15,1.14,CHL_InsituProbeR,RFU
9/6/2018,15,0.71,Phycocyanin_InsituProbeR,RFU
9/6/2018,20,47,TP,ugL
9/6/2018,20,483,TN,ugL
9/6/2018,20,0.76,CHL_InsituProbeR,RFU
9/6/2018,20,0.34,Phycocyanin_InsituProbeR,RFU
9/6/2018,20,8.359,CHLA,ugL
9/6/2018,25,0.77,CHL_InsituProbeR,RFU
9/6/2018,25,0.25,Phycocyanin_InsituProbeR,RFU
9/6/2018,30,0.84,CHL_InsituProbeR,RFU
9/6/2018,30,0.2,Phycocyanin_InsituProbeR,RFU
9/6/2018,35,0.84,CHL_InsituProbeR,RFU
9/6/2018,35,0.17,Phycocyanin_InsituProbeR,RFU
9/6/2018,40,0.84,CHL_InsituProbeR,RFU
9/6/2018,40,0.13,Phycocyanin_InsituProbeR,RFU
9/6/2018,45,0.83,CHL_InsituProbeR,RFU
9/6/2018,45,0.14,Phycocyanin_InsituProbeR,RFU
9/6/2018,50,370,TP,ugL
9/6/2018,50,1080,TN,ugL
9/6/2018,50,0.79,CHL_InsituProbeR,RFU
9/6/2018,50,0.17,Phycocyanin_InsituProbeR,RFU
9/7/2018,0,56,TP,ugL
9/7/2018,0,835,TN,ugL
9/21/2018,0,69,TP,ugL
9/21/2018,0,806,TN,ugL
9/25/2018,0,59,TP,ugL
9/25/2018,0,677,TN,ugL
9/25/2018,0,2.09,CHL_InsituProbeR,RFU
9/25/2018,0,1.28,Phycocyanin_InsituProbeR,RFU
9/25/2018,0,19.561,CHLA,ugL
9/25/2018,5,59,TP,ugL
9/25/2018,5,739,TN,ugL
9/25/2018,5,2.37,CHL_InsituProbeR,RFU
9/25/2018,5,1.17,Phycocyanin_InsituProbeR,RFU
9/25/2018,5,19.92,CHLA,ugL
9/25/2018,10,59,TP,ugL
9/25/2018,10,721,TN,ugL
9/25/2018,10,2.31,CHL_InsituProbeR,RFU
9/25/2018,10,1.11,Phycocyanin_InsituProbeR,RFU
9/25/2018,10,20.503,CHLA,ugL
9/25/2018,15,2.39,CHL_InsituProbeR,RFU
9/25/2018,15,1.08,Phycocyanin_InsituProbeR,RFU
9/25/2018,20,97,TP,ugL
9/25/2018,20,669,TN,ugL
9/25/2018,20,2.32,CHL_InsituProbeR,RFU
9/25/2018,20,1.05,Phycocyanin_InsituProbeR,RFU
9/25/2018,20,18.884,CHLA,ugL
9/25/2018,25,2,CHL_InsituProbeR,RFU
9/25/2018,25,1.02,Phycocyanin_InsituProbeR,RFU
9/25/2018,30,1.63,CHL_InsituProbeR,RFU
9/25/2018,30,0.78,Phycocyanin_InsituProbeR,RFU
9/25/2018,35,0.99,CHL_InsituProbeR,RFU
9/25/2018,35,0.31,Phycocyanin_InsituProbeR,RFU
9/25/2018,40,0.96,CHL_InsituProbeR,RFU
9/25/2018,40,0.19,Phycocyanin_InsituProbeR,RFU
9/25/2018,45,0.93,CHL_InsituProbeR,RFU
9/25/2018,45,0.18,Phycocyanin_InsituProbeR,RFU
9/25/2018,50,1031,TP,ugL
9/25/2018,50,827,TN,ugL
9/25/2018,50,0.93,CHL_InsituProbeR,RFU
9/25/2018,50,0.16,Phycocyanin_InsituProbeR,RFU
10/12/2018,0,75,TP,ugL
10/12/2018,0,623,TN,ugL
10/16/2018,0,127,TP,ugL
10/16/2018,0,782,TN,ugL
10/16/2018,0,1,CHL_InsituProbeR,RFU
10/16/2018,0,0.4,Phycocyanin_InsituProbeR,RFU
10/16/2018,0,4.249,CHLA,ugL
10/16/2018,5,125,TP,ugL
10/16/2018,5,789,TN,ugL
10/16/2018,5,1.02,CHL_InsituProbeR,RFU
10/16/2018,5,0.36,Phycocyanin_InsituProbeR,RFU
10/16/2018,5,3.973,CHLA,ugL
10/16/2018,10,132,TP,ugL
10/16/2018,10,739,TN,ugL
10/16/2018,10,1.07,CHL_InsituProbeR,RFU
10/16/2018,10,0.36,Phycocyanin_InsituProbeR,RFU
10/16/2018,10,4.637,CHLA,ugL
10/16/2018,15,1.08,CHL_InsituProbeR,RFU
10/16/2018,15,0.37,Phycocyanin_InsituProbeR,RFU
10/16/2018,20,121,TP,ugL
10/16/2018,20,706,TN,ugL
10/16/2018,20,1.08,CHL_InsituProbeR,RFU
10/16/2018,20,0.38,Phycocyanin_InsituProbeR,RFU
10/16/2018,20,5.237,CHLA,ugL
10/16/2018,25,1.08,CHL_InsituProbeR,RFU
10/16/2018,25,0.38,Phycocyanin_InsituProbeR,RFU
10/16/2018,30,1.03,CHL_InsituProbeR,RFU
10/16/2018,30,0.39,Phycocyanin_InsituProbeR,RFU
10/16/2018,35,1,CHL_InsituProbeR,RFU
10/16/2018,35,0.38,Phycocyanin_InsituProbeR,RFU
10/16/2018,40,1.02,CHL_InsituProbeR,RFU
10/16/2018,40,0.38,Phycocyanin_InsituProbeR,RFU
10/16/2018,45,1.05,CHL_InsituProbeR,RFU
10/16/2018,45,0.37,Phycocyanin_InsituProbeR,RFU
10/16/2018,49,108,TP,ugL
10/16/2018,49,669,TN,ugL
10/16/2018,49,1.03,CHL_InsituProbeR,RFU
10/16/2018,49,0.37,Phycocyanin_InsituProbeR,RFU
11/6/2018,0,131,TP,ugL
11/6/2018,0,917,TN,ugL
11/6/2018,0,0.63,CHL_InsituProbeR,RFU
11/6/2018,0,0.25,Phycocyanin_InsituProbeR,RFU
11/6/2018,0,2.198,CHLA,ugL
11/6/2018,5,127,TP,ugL
11/6/2018,5,944,TN,ugL
11/6/2018,5,0.64,CHL_InsituProbeR,RFU
11/6/2018,5,0.22,Phycocyanin_InsituProbeR,RFU
11/6/2018,5,1.821,CHLA,ugL
11/6/2018,10,124,TP,ugL
11/6/2018,10,912,TN,ugL
11/6/2018,10,0.66,CHL_InsituProbeR,RFU
11/6/2018,10,0.22,Phycocyanin_InsituProbeR,RFU
11/6/2018,10,2.021,CHLA,ugL
11/6/2018,20,125,TP,ugL
11/6/2018,20,909,TN,ugL
11/6/2018,20,0.65,CHL_InsituProbeR,RFU
11/6/2018,20,0.21,Phycocyanin_InsituProbeR,RFU
11/6/2018,20,2.034,CHLA,ugL
11/6/2018,51,238,TP,ugL
11/6/2018,51,1070,TN,ugL
11/6/2018,51,0.84,CHL_InsituProbeR,RFU
11/6/2018,51,0.27,Phycocyanin_InsituProbeR,RFU
11/28/2018,0,179,TP,ugL
11/28/2018,0,997,TN,ugL
11/28/2018,0,0.62,CHL_InsituProbeR,RFU
11/28/2018,0,0.38,Phycocyanin_InsituProbeR,RFU
11/28/2018,0,1.42,CHLA,ugL
11/28/2018,5,185,TP,ugL
11/28/2018,5,989,TN,ugL
11/28/2018,5,0.64,CHL_InsituProbeR,RFU
11/28/2018,5,0.31,Phycocyanin_InsituProbeR,RFU
11/28/2018,5,0.998,CHLA,ugL
11/28/2018,10,179,TP,ugL
11/28/2018,10,940,TN,ugL
11/28/2018,10,0.65,CHL_InsituProbeR,RFU
11/28/2018,10,0.31,Phycocyanin_InsituProbeR,RFU
11/28/2018,10,1.552,CHLA,ugL
11/28/2018,20,180,TP,ugL
11/28/2018,20,959,TN,ugL
11/28/2018,20,0.64,CHL_InsituProbeR,RFU
11/28/2018,20,0.3,Phycocyanin_InsituProbeR,RFU
11/28/2018,20,1.173,CHLA,ugL
11/28/2018,45,0.64,CHL_InsituProbeR,RFU
11/28/2018,45,0.32,Phycocyanin_InsituProbeR,RFU
11/28/2018,49,206,TP,ugL
11/28/2018,49,1040,TN,ugL
12/18/2018,0,218,TP,ugL
12/18/2018,0,1060,TN,ugL
12/18/2018,0,0.65,CHL_InsituProbeR,RFU
12/18/2018,0,0.42,Phycocyanin_InsituProbeR,RFU
12/18/2018,0,1.203,CHLA,ugL
12/18/2018,5,205,TP,ugL
12/18/2018,5,982,TN,ugL
12/18/2018,5,0.67,CHL_InsituProbeR,RFU
12/18/2018,5,0.45,Phycocyanin_InsituProbeR,RFU
12/18/2018,5,0.809,CHLA,ugL
12/18/2018,10,205,TP,ugL
12/18/2018,10,948,TN,ugL
12/18/2018,10,0.67,CHL_InsituProbeR,RFU
12/18/2018,10,0.42,Phycocyanin_InsituProbeR,RFU
12/18/2018,10,0.814,CHLA,ugL
12/18/2018,20,207,TP,ugL
12/18/2018,20,1010,TN,ugL
12/18/2018,20,0.66,CHL_InsituProbeR,RFU
12/18/2018,20,0.44,Phycocyanin_InsituProbeR,RFU
12/18/2018,20,0.449,CHLA,ugL
12/18/2018,50,222,TP,ugL
12/18/2018,50,962,TN,ugL
12/18/2018,50,0.65,CHL_InsituProbeR,RFU
12/18/2018,50,0.47,Phycocyanin_InsituProbeR,RFU
3/19/2019,0,221,TP,ugL
3/19/2019,0,1053,TN,ugL
3/19/2019,0,0.88,CHL_InsituProbeR,RFU
3/19/2019,0,0.42,Phycocyanin_InsituProbeR,RFU
3/19/2019,5,193,TP,ugL
3/19/2019,5,1039,TN,ugL
3/19/2019,5,1.02,CHL_InsituProbeR,RFU
3/19/2019,5,0.42,Phycocyanin_InsituProbeR,RFU
3/19/2019,10,223,TP,ugL
3/19/2019,10,1035,TN,ugL
3/19/2019,10,0.92,CHL_InsituProbeR,RFU
3/19/2019,10,0.4,Phycocyanin_InsituProbeR,RFU
3/19/2019,20,215,TP,ugL
3/19/2019,20,1024,TN,ugL
3/19/2019,20,0.9,CHL_InsituProbeR,RFU
3/19/2019,20,0.39,Phycocyanin_InsituProbeR,RFU
3/19/2019,49,0.75,CHL_InsituProbeR,RFU
3/19/2019,49,0.37,Phycocyanin_InsituProbeR,RFU
3/19/2019,50,216,TP,ugL
3/19/2019,50,1032,TN,ugL
4/9/2019,0,167,TP,ugL
4/9/2019,0,910,TN,ugL
4/9/2019,0,4.01,CHL_InsituProbeR,RFU
4/9/2019,0,1.12,Phycocyanin_InsituProbeR,RFU
4/9/2019,5,166,TP,ugL
4/9/2019,5,919,TN,ugL
4/9/2019,5,4.07,CHL_InsituProbeR,RFU
4/9/2019,5,1.28,Phycocyanin_InsituProbeR,RFU
4/9/2019,10,158,TP,ugL
4/9/2019,10,961,TN,ugL
4/9/2019,10,1.75,CHL_InsituProbeR,RFU
4/9/2019,10,0.54,Phycocyanin_InsituProbeR,RFU
4/9/2019,15,1.67,CHL_InsituProbeR,RFU
4/9/2019,15,0.5,Phycocyanin_InsituProbeR,RFU
4/9/2019,20,157,TP,ugL
4/9/2019,20,992,TN,ugL
4/9/2019,20,1.46,CHL_InsituProbeR,RFU
4/9/2019,20,0.46,Phycocyanin_InsituProbeR,RFU
4/9/2019,25,1.57,CHL_InsituProbeR,RFU
4/9/2019,25,0.47,Phycocyanin_InsituProbeR,RFU
4/9/2019,30,1.38,CHL_InsituProbeR,RFU
4/9/2019,30,0.4,Phycocyanin_InsituProbeR,RFU
4/9/2019,35,1.52,CHL_InsituProbeR,RFU
4/9/2019,35,0.44,Phycocyanin_InsituProbeR,RFU
4/9/2019,40,1.4,CHL_InsituProbeR,RFU
4/9/2019,40,0.45,Phycocyanin_InsituProbeR,RFU
4/9/2019,48,174,TP,ugL
4/9/2019,48,935,TN,ugL
4/9/2019,48,1.37,CHL_InsituProbeR,RFU
4/9/2019,48,0.44,Phycocyanin_InsituProbeR,RFU
4/23/2019,0,169,TP,ugL
4/23/2019,0,945,TN,ugL
4/23/2019,0,4.07,CHL_InsituProbeR,RFU
4/23/2019,0,1.04,Phycocyanin_InsituProbeR,RFU
4/23/2019,5,164,TP,ugL
4/23/2019,5,978,TN,ugL
4/23/2019,5,4.08,CHL_InsituProbeR,RFU
4/23/2019,5,0.76,Phycocyanin_InsituProbeR,RFU
4/23/2019,10,173,TP,ugL
4/23/2019,10,848,TN,ugL
4/23/2019,10,1.63,CHL_InsituProbeR,RFU
4/23/2019,10,0.23,Phycocyanin_InsituProbeR,RFU
4/23/2019,15,1.3,CHL_InsituProbeR,RFU
4/23/2019,15,0.2,Phycocyanin_InsituProbeR,RFU
4/23/2019,20,175,TP,ugL
4/23/2019,20,867,TN,ugL
4/23/2019,20,1.23,CHL_InsituProbeR,RFU
4/23/2019,20,0.22,Phycocyanin_InsituProbeR,RFU
4/23/2019,25,0.98,CHL_InsituProbeR,RFU
4/23/2019,25,0.21,Phycocyanin_InsituProbeR,RFU
4/23/2019,30,0.95,CHL_InsituProbeR,RFU
4/23/2019,30,0.24,Phycocyanin_InsituProbeR,RFU
4/23/2019,34,0.96,CHL_InsituProbeR,RFU
4/23/2019,34,0.29,Phycocyanin_InsituProbeR,RFU
4/23/2019,39,0.92,CHL_InsituProbeR,RFU
4/23/2019,39,0.29,Phycocyanin_InsituProbeR,RFU
4/23/2019,44,0.93,CHL_InsituProbeR,RFU
4/23/2019,44,0.31,Phycocyanin_InsituProbeR,RFU
4/23/2019,49,0.89,CHL_InsituProbeR,RFU
4/23/2019,49,0.29,Phycocyanin_InsituProbeR,RFU
4/23/2019,54,0.87,CHL_InsituProbeR,RFU
4/23/2019,54,0.34,Phycocyanin_InsituProbeR,RFU
4/23/2019,59,0.77,CHL_InsituProbeR,RFU
4/23/2019,59,0.3,Phycocyanin_InsituProbeR,RFU
4/23/2019,60,269,TP,ugL
4/23/2019,60,1010,TN,ugL
5/9/2019,0,134,TP,ugL
5/9/2019,0,817,TN,ugL
5/21/2019,0,175,TP,ugL
5/21/2019,0,919,TN,ugL
5/21/2019,0,1.97,CHL_InsituProbeR,RFU
5/21/2019,0,0.57,Phycocyanin_InsituProbeR,RFU
5/21/2019,0,8.996,CHLA,ugL
5/21/2019,5,156,TP,ugL
5/21/2019,5,912,TN,ugL
5/21/2019,5,1.72,CHL_InsituProbeR,RFU
5/21/2019,5,0.42,Phycocyanin_InsituProbeR,RFU
5/21/2019,5,10.606,CHLA,ugL
5/21/2019,10,156,TP,ugL
5/21/2019,10,920,TN,ugL
5/21/2019,10,1.33,CHL_InsituProbeR,RFU
5/21/2019,10,0.28,Phycocyanin_InsituProbeR,RFU
5/21/2019,10,8.944,CHLA,ugL
5/21/2019,15,0.69,CHL_InsituProbeR,RFU
5/21/2019,15,0.17,Phycocyanin_InsituProbeR,RFU
5/21/2019,20,174,TP,ugL
5/21/2019,20,923,TN,ugL
5/21/2019,20,0.63,CHL_InsituProbeR,RFU
5/21/2019,20,0.12,Phycocyanin_InsituProbeR,RFU
5/21/2019,25,0.65,CHL_InsituProbeR,RFU
5/21/2019,25,0.14,Phycocyanin_InsituProbeR,RFU
5/21/2019,30,0.64,CHL_InsituProbeR,RFU
5/21/2019,30,0.16,Phycocyanin_InsituProbeR,RFU
5/21/2019,35,0.59,CHL_InsituProbeR,RFU
5/21/2019,35,0.13,Phycocyanin_InsituProbeR,RFU
5/21/2019,40,0.53,CHL_InsituProbeR,RFU
5/21/2019,40,0.12,Phycocyanin_InsituProbeR,RFU
5/21/2019,45,0.53,CHL_InsituProbeR,RFU
5/21/2019,45,0.14,Phycocyanin_InsituProbeR,RFU
5/21/2019,49,191,TP,ugL
5/21/2019,49,919,TN,ugL
5/21/2019,49,0.51,CHL_InsituProbeR,RFU
5/21/2019,49,0.18,Phycocyanin_InsituProbeR,RFU
5/23/2019,0,171,TP,ugL
5/23/2019,0,992,TN,ugL
5/31/2019,0,126,TP,ugL
5/31/2019,0,828,TN,ugL
6/4/2019,0,89,TP,ugL
6/4/2019,0,673,TN,ugL
6/6/2019,0,101,TP,ugL
6/6/2019,0,840,TN,ugL
6/6/2019,0,2.51,CHL_InsituProbeR,RFU
6/6/2019,0,1.17,Phycocyanin_InsituProbeR,RFU
6/6/2019,0,38.63,CHLA,ugL
6/6/2019,5,96,TP,ugL
6/6/2019,5,737,TN,ugL
6/6/2019,5,2.13,CHL_InsituProbeR,RFU
6/6/2019,5,1,Phycocyanin_InsituProbeR,RFU
6/6/2019,5,28.252,CHLA,ugL
6/6/2019,10,88,TP,ugL
6/6/2019,10,743,TN,ugL
6/6/2019,10,1.61,CHL_InsituProbeR,RFU
6/6/2019,10,0.54,Phycocyanin_InsituProbeR,RFU
6/6/2019,10,25.132,CHLA,ugL
6/6/2019,15,1.36,CHL_InsituProbeR,RFU
6/6/2019,15,0.25,Phycocyanin_InsituProbeR,RFU
6/6/2019,20,140,TP,ugL
6/6/2019,20,945,TN,ugL
6/6/2019,20,1.42,CHL_InsituProbeR,RFU
6/6/2019,20,0.18,Phycocyanin_InsituProbeR,RFU
6/6/2019,25,1.29,CHL_InsituProbeR,RFU
6/6/2019,25,0.2,Phycocyanin_InsituProbeR,RFU
6/6/2019,30,0.82,CHL_InsituProbeR,RFU
6/6/2019,30,0.15,Phycocyanin_InsituProbeR,RFU
6/6/2019,35,0.67,CHL_InsituProbeR,RFU
6/6/2019,35,0.15,Phycocyanin_InsituProbeR,RFU
6/6/2019,40,0.64,CHL_InsituProbeR,RFU
6/6/2019,40,0.16,Phycocyanin_InsituProbeR,RFU
6/6/2019,45,0.61,CHL_InsituProbeR,RFU
6/6/2019,45,0.17,Phycocyanin_InsituProbeR,RFU
6/6/2019,50,203,TP,ugL
6/6/2019,50,1044,TN,ugL
6/6/2019,50,0.57,CHL_InsituProbeR,RFU
6/6/2019,50,0.18,Phycocyanin_InsituProbeR,RFU
6/7/2019,0,99,TP,ugL
6/7/2019,0,900,TN,ugL
6/11/2019,0,90,TP,ugL
6/11/2019,0,737,TN,ugL
6/14/2019,0,100,TP,ugL
6/14/2019,0,846,TN,ugL
6/28/2019,0,73,TP,ugL
6/28/2019,0,1093,TN,ugL
7/2/2019,0,83,TP,ugL
7/2/2019,0,1168,TN,ugL
7/2/2019,0,103,TP,ugL
7/2/2019,0,1190,TN,ugL
7/2/2019,0,3.75,CHL_InsituProbeR,RFU
7/2/2019,0,3.09,Phycocyanin_InsituProbeR,RFU
7/2/2019,5,94,TP,ugL
7/2/2019,5,1205,TN,ugL
7/2/2019,5,2.14,CHL_InsituProbeR,RFU
7/2/2019,5,5.17,Phycocyanin_InsituProbeR,RFU
7/2/2019,10,97,TP,ugL
7/2/2019,10,1289,TN,ugL
7/2/2019,10,1.18,CHL_InsituProbeR,RFU
7/2/2019,10,1.96,Phycocyanin_InsituProbeR,RFU
7/2/2019,15,0.84,CHL_InsituProbeR,RFU
7/2/2019,15,1.09,Phycocyanin_InsituProbeR,RFU
7/2/2019,20,154,TP,ugL
7/2/2019,20,1533,TN,ugL
7/2/2019,20,0.67,CHL_InsituProbeR,RFU
7/2/2019,20,0.31,Phycocyanin_InsituProbeR,RFU
7/2/2019,25,0.66,CHL_InsituProbeR,RFU
7/2/2019,25,0.25,Phycocyanin_InsituProbeR,RFU
7/2/2019,30,0.68,CHL_InsituProbeR,RFU
7/2/2019,30,0.15,Phycocyanin_InsituProbeR,RFU
7/2/2019,35,0.73,CHL_InsituProbeR,RFU
7/2/2019,35,0.11,Phycocyanin_InsituProbeR,RFU
7/2/2019,40,0.72,CHL_InsituProbeR,RFU
7/2/2019,40,0.13,Phycocyanin_InsituProbeR,RFU
7/2/2019,45,0.73,CHL_InsituProbeR,RFU
7/2/2019,45,0.15,Phycocyanin_InsituProbeR,RFU
7/2/2019,50,0.71,CHL_InsituProbeR,RFU
7/2/2019,50,0.14,Phycocyanin_InsituProbeR,RFU
7/2/2019,53,0.74,CHL_InsituProbeR,RFU
7/2/2019,53,0.14,Phycocyanin_InsituProbeR,RFU
7/2/2019,54,217,TP,ugL
7/2/2019,54,2187,TN,ugL
7/5/2019,0,113,TP,ugL
7/5/2019,0,1306,TN,ugL
7/9/2019,0,85,TP,ugL
7/9/2019,0,1358,TN,ugL
7/12/2019,0,73,TP,ugL
7/12/2019,0,1208,TN,ugL
7/16/2019,0,62,TP,ugL
7/16/2019,0,1220,TN,ugL
7/18/2019,0,87,TP,ugL
7/18/2019,0,1085,TN,ugL
7/18/2019,0,2.16,CHL_InsituProbeR,RFU
7/18/2019,0,3.83,Phycocyanin_InsituProbeR,RFU
7/18/2019,0,60.235,CHLA,ugL
7/18/2019,5,85,TP,ugL
7/18/2019,5,1010,TN,ugL
7/18/2019,5,1.72,CHL_InsituProbeR,RFU
7/18/2019,5,4.04,Phycocyanin_InsituProbeR,RFU
7/18/2019,5,51.264,CHLA,ugL
7/18/2019,10,85,TP,ugL
7/18/2019,10,966,TN,ugL
7/18/2019,10,1.59,CHL_InsituProbeR,RFU
7/18/2019,10,3.39,Phycocyanin_InsituProbeR,RFU
7/18/2019,10,41.011,CHLA,ugL
7/18/2019,15,0.95,CHL_InsituProbeR,RFU
7/18/2019,15,1.87,Phycocyanin_InsituProbeR,RFU
7/18/2019,20,139,TP,ugL
7/18/2019,20,958,TN,ugL
7/18/2019,20,0.67,CHL_InsituProbeR,RFU
7/18/2019,20,0.36,Phycocyanin_InsituProbeR,RFU
7/18/2019,25,0.67,CHL_InsituProbeR,RFU
7/18/2019,25,0.25,Phycocyanin_InsituProbeR,RFU
7/18/2019,30,0.7,CHL_InsituProbeR,RFU
7/18/2019,30,0.18,Phycocyanin_InsituProbeR,RFU
7/18/2019,35,0.73,CHL_InsituProbeR,RFU
7/18/2019,35,0.13,Phycocyanin_InsituProbeR,RFU
7/18/2019,40,0.73,CHL_InsituProbeR,RFU
7/18/2019,40,0.15,Phycocyanin_InsituProbeR,RFU
7/18/2019,48,239,TP,ugL
7/18/2019,48,1482,TN,ugL
7/18/2019,48,0.76,CHL_InsituProbeR,RFU
7/18/2019,48,0.16,Phycocyanin_InsituProbeR,RFU
7/19/2019,0,73,TP,ugL
7/19/2019,0,1184,TN,ugL
7/26/2019,0,50,TP,ugL
7/26/2019,0,1002,TN,ugL
7/30/2019,0,55,TP,ugL
7/30/2019,0,1066,TN,ugL
7/30/2019,0,2.17,CHL_InsituProbeR,RFU
7/30/2019,0,2.53,Phycocyanin_InsituProbeR,RFU
7/30/2019,0,31.054,CHLA,ugL
7/30/2019,5,51,TP,ugL
7/30/2019,5,992,TN,ugL
7/30/2019,5,2.49,CHL_InsituProbeR,RFU
7/30/2019,5,2.66,Phycocyanin_InsituProbeR,RFU
7/30/2019,5,32.955,CHLA,ugL
7/30/2019,10,54,TP,ugL
7/30/2019,10,1009,TN,ugL
7/30/2019,10,2.42,CHL_InsituProbeR,RFU
7/30/2019,10,2.53,Phycocyanin_InsituProbeR,RFU
7/30/2019,10,35.983,CHLA,ugL
7/30/2019,20,81,TP,ugL
7/30/2019,20,957,TN,ugL
7/30/2019,20,0.76,CHL_InsituProbeR,RFU
7/30/2019,20,0.35,Phycocyanin_InsituProbeR,RFU
7/30/2019,30,0.71,CHL_InsituProbeR,RFU
7/30/2019,30,0.14,Phycocyanin_InsituProbeR,RFU
7/30/2019,40,0.74,CHL_InsituProbeR,RFU
7/30/2019,40,0.1,Phycocyanin_InsituProbeR,RFU
7/30/2019,49,210,TP,ugL
7/30/2019,49,1554,TN,ugL
7/30/2019,49,0.74,CHL_InsituProbeR,RFU
7/30/2019,49,0.12,Phycocyanin_InsituProbeR,RFU
8/2/2019,0,41,TP,ugL
8/2/2019,0,783,TN,ugL
8/9/2019,0,46,TP,ugL
8/9/2019,0,708,TN,ugL
8/13/2019,0,41,TP,ugL
8/13/2019,0,1.59,CHL_InsituProbeR,RFU
8/13/2019,0,1.68,Phycocyanin_InsituProbeR,RFU
8/13/2019,0,20.292,CHLA,ugL
8/13/2019,5,40,TP,ugL
8/13/2019,5,1.69,CHL_InsituProbeR,RFU
8/13/2019,5,1.61,Phycocyanin_InsituProbeR,RFU
8/13/2019,5,21.36,CHLA,ugL
8/13/2019,10,42,TP,ugL
8/13/2019,10,1.71,CHL_InsituProbeR,RFU
8/13/2019,10,1.57,Phycocyanin_InsituProbeR,RFU
8/13/2019,10,24.564,CHLA,ugL
8/13/2019,20,44,TP,ugL
8/13/2019,20,0.88,CHL_InsituProbeR,RFU
8/13/2019,20,0.61,Phycocyanin_InsituProbeR,RFU
8/13/2019,49,204,TP,ugL
8/13/2019,49,0.75,CHL_InsituProbeR,RFU
8/13/2019,49,0.14,Phycocyanin_InsituProbeR,RFU
8/14/2019,0,722,TN,ugL
8/14/2019,5,762,TN,ugL
8/14/2019,10,671,TN,ugL
8/14/2019,20,601,TN,ugL
8/14/2019,49,1291,TN,ugL
8/16/2019,0,42,TP,ugL
8/16/2019,0,917,TN,ugL
8/23/2019,0,44,TP,ugL
8/23/2019,0,561,TN,ugL
9/5/2019,0,46,TP,ugL
9/5/2019,0,661,TN,ugL
9/5/2019,0,2.15,CHL_InsituProbeR,RFU
9/5/2019,0,1.28,Phycocyanin_InsituProbeR,RFU
9/5/2019,0,23.229,CHLA,ugL
9/5/2019,5,48,TP,ugL
9/5/2019,5,646,TN,ugL
9/5/2019,5,2.17,CHL_InsituProbeR,RFU
9/5/2019,5,1.3,Phycocyanin_InsituProbeR,RFU
9/5/2019,5,24.03,CHLA,ugL
9/5/2019,10,45,TP,ugL
9/5/2019,10,610,TN,ugL
9/5/2019,10,1.8,CHL_InsituProbeR,RFU
9/5/2019,10,1.33,Phycocyanin_InsituProbeR,RFU
9/5/2019,10,19.434,CHLA,ugL
9/5/2019,15,1.46,CHL_InsituProbeR,RFU
9/5/2019,15,1.1,Phycocyanin_InsituProbeR,RFU
9/5/2019,20,42,TP,ugL
9/5/2019,20,530,TN,ugL
9/5/2019,20,1.12,CHL_InsituProbeR,RFU
9/5/2019,20,0.62,Phycocyanin_InsituProbeR,RFU
9/5/2019,25,0.93,CHL_InsituProbeR,RFU
9/5/2019,25,0.44,Phycocyanin_InsituProbeR,RFU
9/5/2019,30,0.89,CHL_InsituProbeR,RFU
9/5/2019,30,0.36,Phycocyanin_InsituProbeR,RFU
9/5/2019,35,0.87,CHL_InsituProbeR,RFU
9/5/2019,35,0.25,Phycocyanin_InsituProbeR,RFU
9/5/2019,40,0.79,CHL_InsituProbeR,RFU
9/5/2019,40,0.2,Phycocyanin_InsituProbeR,RFU
9/5/2019,45,0.79,CHL_InsituProbeR,RFU
9/5/2019,45,0.18,Phycocyanin_InsituProbeR,RFU
9/5/2019,51,261,TP,ugL
9/5/2019,51,1120,TN,ugL
9/5/2019,51,0.78,CHL_InsituProbeR,RFU
9/5/2019,51,0.16,Phycocyanin_InsituProbeR,RFU
9/6/2019,0,46,TP,ugL
9/6/2019,0,694,TN,ugL
9/20/2019,0,23,TP,ugL
9/20/2019,0,589,TN,ugL
9/24/2019,0,31,TP,ugL
9/24/2019,0,706,TN,ugL
9/24/2019,0,1.54,CHL_InsituProbeR,RFU
9/24/2019,0,0.86,Phycocyanin_InsituProbeR,RFU
9/24/2019,0,22.428,CHLA,ugL
9/24/2019,5,26,TP,ugL
9/24/2019,5,580,TN,ugL
9/24/2019,5,2.09,CHL_InsituProbeR,RFU
9/24/2019,5,1.06,Phycocyanin_InsituProbeR,RFU
9/24/2019,5,18.766,CHLA,ugL
9/24/2019,10,27,TP,ugL
9/24/2019,10,580,TN,ugL
9/24/2019,10,1.68,CHL_InsituProbeR,RFU
9/24/2019,10,1.02,Phycocyanin_InsituProbeR,RFU
9/24/2019,10,17.393,CHLA,ugL
9/24/2019,15,1.45,CHL_InsituProbeR,RFU
9/24/2019,15,0.97,Phycocyanin_InsituProbeR,RFU
9/24/2019,20,24,TP,ugL
9/24/2019,20,541,TN,ugL
9/24/2019,20,1.69,CHL_InsituProbeR,RFU
9/24/2019,20,0.77,Phycocyanin_InsituProbeR,RFU
9/24/2019,25,0.76,CHL_InsituProbeR,RFU
9/24/2019,25,0.32,Phycocyanin_InsituProbeR,RFU
9/24/2019,30,0.73,CHL_InsituProbeR,RFU
9/24/2019,30,0.25,Phycocyanin_InsituProbeR,RFU
9/24/2019,35,0.78,CHL_InsituProbeR,RFU
9/24/2019,35,0.24,Phycocyanin_InsituProbeR,RFU
9/24/2019,39,0.81,CHL_InsituProbeR,RFU
9/24/2019,39,0.82,CHL_InsituProbeR,RFU
9/24/2019,39,0.16,Phycocyanin_InsituProbeR,RFU
9/24/2019,39,0.19,Phycocyanin_InsituProbeR,RFU
9/24/2019,46,0.78,CHL_InsituProbeR,RFU
9/24/2019,46,0.18,Phycocyanin_InsituProbeR,RFU
9/24/2019,47,249,TP,ugL
9/24/2019,47,1190,TN,ugL
10/17/2019,0,200,TP,ugL
10/17/2019,0,1169,TN,ugL
10/17/2019,0,0.95,CHL_InsituProbeR,RFU
10/17/2019,0,0.34,Phycocyanin_InsituProbeR,RFU
10/17/2019,0,7.369,CHLA,ugL
10/17/2019,5,197,TP,ugL
10/17/2019,5,1122,TN,ugL
10/17/2019,5,1.11,CHL_InsituProbeR,RFU
10/17/2019,5,0.35,Phycocyanin_InsituProbeR,RFU
10/17/2019,5,6.088,CHLA,ugL
10/17/2019,10,190,TP,ugL
10/17/2019,10,1147,TN,ugL
10/17/2019,10,1.18,CHL_InsituProbeR,RFU
10/17/2019,10,0.37,Phycocyanin_InsituProbeR,RFU
10/17/2019,10,7.049,CHLA,ugL
10/17/2019,20,179,TP,ugL
10/17/2019,20,1073,TN,ugL
10/17/2019,20,1.22,CHL_InsituProbeR,RFU
10/17/2019,20,0.38,Phycocyanin_InsituProbeR,RFU
10/17/2019,29,1.5,CHL_InsituProbeR,RFU
10/17/2019,29,0.46,Phycocyanin_InsituProbeR,RFU
10/17/2019,39,1.71,CHL_InsituProbeR,RFU
10/17/2019,39,0.53,Phycocyanin_InsituProbeR,RFU
10/17/2019,45,1.79,CHL_InsituProbeR,RFU
10/17/2019,45,0.53,Phycocyanin_InsituProbeR,RFU
10/17/2019,46,149,TP,ugL
10/17/2019,46,971,TN,ugL
11/5/2019,0,104,TP,ugL
11/5/2019,0,1060,TN,ugL
11/5/2019,0,0.83,CHL_InsituProbeR,RFU
11/5/2019,0,0.31,Phycocyanin_InsituProbeR,RFU
11/5/2019,0,4.344,CHLA,ugL
11/5/2019,5,104,TP,ugL
11/5/2019,5,1054,TN,ugL
11/5/2019,5,0.91,CHL_InsituProbeR,RFU
11/5/2019,5,0.24,Phycocyanin_InsituProbeR,RFU
11/5/2019,5,3.56,CHLA,ugL
11/5/2019,10,104,TP,ugL
11/5/2019,10,1090,TN,ugL
11/5/2019,10,0.92,CHL_InsituProbeR,RFU
11/5/2019,10,0.24,Phycocyanin_InsituProbeR,RFU
11/5/2019,10,4.061,CHLA,ugL
11/5/2019,15,0.91,CHL_InsituProbeR,RFU
11/5/2019,15,0.23,Phycocyanin_InsituProbeR,RFU
11/5/2019,20,109,TP,ugL
11/5/2019,20,1010,TN,ugL
11/5/2019,20,0.9,CHL_InsituProbeR,RFU
11/5/2019,20,0.24,Phycocyanin_InsituProbeR,RFU
11/5/2019,25,0.94,CHL_InsituProbeR,RFU
11/5/2019,25,0.24,Phycocyanin_InsituProbeR,RFU
11/5/2019,30,0.95,CHL_InsituProbeR,RFU
11/5/2019,30,0.25,Phycocyanin_InsituProbeR,RFU
11/5/2019,35,1,CHL_InsituProbeR,RFU
11/5/2019,35,0.26,Phycocyanin_InsituProbeR,RFU
11/5/2019,40,0.88,CHL_InsituProbeR,RFU
11/5/2019,40,0.24,Phycocyanin_InsituProbeR,RFU
11/5/2019,45,0.79,CHL_InsituProbeR,RFU
11/5/2019,45,0.22,Phycocyanin_InsituProbeR,RFU
11/5/2019,47,126,TP,ugL
11/5/2019,47,1063,TN,ugL
11/5/2019,47,0.84,CHL_InsituProbeR,RFU
11/5/2019,47,0.25,Phycocyanin_InsituProbeR,RFU
12/5/2019,0,88,TP,ugL
12/5/2019,0,1301,TN,ugL
12/5/2019,0,0.46,CHL_InsituProbeR,RFU
12/5/2019,0,0.26,Phycocyanin_InsituProbeR,RFU
12/5/2019,5,89,TP,ugL
12/5/2019,5,1494,TN,ugL
12/5/2019,5,0.52,CHL_InsituProbeR,RFU
12/5/2019,5,0.25,Phycocyanin_InsituProbeR,RFU
12/5/2019,10,72,TP,ugL
12/5/2019,10,1301,TN,ugL
12/5/2019,10,0.54,CHL_InsituProbeR,RFU
12/5/2019,10,0.25,Phycocyanin_InsituProbeR,RFU
12/5/2019,15,0.53,CHL_InsituProbeR,RFU
12/5/2019,15,0.25,Phycocyanin_InsituProbeR,RFU
12/5/2019,20,81,TP,ugL
12/5/2019,20,1343,TN,ugL
12/5/2019,20,0.54,CHL_InsituProbeR,RFU
12/5/2019,20,0.26,Phycocyanin_InsituProbeR,RFU
12/5/2019,25,0.51,CHL_InsituProbeR,RFU
12/5/2019,25,0.25,Phycocyanin_InsituProbeR,RFU
12/5/2019,30,0.51,CHL_InsituProbeR,RFU
12/5/2019,30,0.26,Phycocyanin_InsituProbeR,RFU
12/5/2019,35,0.48,CHL_InsituProbeR,RFU
12/5/2019,35,0.22,Phycocyanin_InsituProbeR,RFU
12/5/2019,40,0.48,CHL_InsituProbeR,RFU
12/5/2019,40,0.24,Phycocyanin_InsituProbeR,RFU
12/5/2019,47,80,TP,ugL
12/5/2019,47,1263,TN,ugL
12/5/2019,47,0.47,CHL_InsituProbeR,RFU
12/5/2019,47,0.25,Phycocyanin_InsituProbeR,RFU
